,chrom,pos,wt_ac,alt1_ac,alt2_ac,alt3_ac,wt_af,alt1_af,alt2_af,alt2_af
0,X,1283389,5546,1,0,1,0.9996395097332372,0.0001802451333813987,0.0,0.0001802451333813987
1,X,1283392,5547,1,0,0,0.9998197548666186,0.0001802451333813987,0.0,0.0
2,X,1283397,5547,0,1,0,0.9998197548666186,0.0,0.0001802451333813987,0.0
3,X,1283400,5546,0,2,0,0.9996395097332372,0.0,0.0003604902667627974,0.0
4,X,1283401,5547,0,0,1,0.9998197548666186,0.0,0.0,0.0001802451333813987
5,X,1283402,5546,1,0,1,0.9996395097332372,0.0001802451333813987,0.0,0.0001802451333813987
6,X,1283403,5547,0,0,1,0.9998197548666186,0.0,0.0,0.0001802451333813987
7,X,1283407,5547,0,0,1,0.9998197548666186,0.0,0.0,0.0001802451333813987
8,X,1283409,5547,0,0,1,0.9998197548666186,0.0,0.0,0.0001802451333813987
9,X,1283410,5547,0,0,1,0.9998197548666186,0.0,0.0,0.0001802451333813987
10,X,1283418,5547,0,1,0,0.9998197548666186,0.0,0.0001802451333813987,0.0
11,X,1283419,5546,0,0,2,0.9996395097332372,0.0,0.0,0.0003604902667627974
12,X,1283424,5547,0,0,1,0.9998197548666186,0.0,0.0,0.0001802451333813987
13,X,1283428,5547,0,1,0,0.9998197548666186,0.0,0.0001802451333813987,0.0
14,X,1283430,5547,0,1,0,0.9998197548666186,0.0,0.0001802451333813987,0.0
15,X,1283433,5547,0,0,1,0.9998197548666186,0.0,0.0,0.0001802451333813987
16,X,1283436,5547,1,0,0,0.9998197548666186,0.0001802451333813987,0.0,0.0
17,X,1283437,5539,2,0,7,0.9983777937995674,0.0003604902667627974,0.0,0.0012617159336697908
18,X,1283447,5543,0,4,1,0.999098774333093,0.0,0.0007209805335255948,0.0001802451333813987
19,X,1283458,5545,0,0,1,0.9998196898665705,0.0,0.0,0.00018031013342949875
20,X,1283461,5547,1,0,0,0.9998197548666186,0.0001802451333813987,0.0,0.0
21,X,1283466,5547,1,0,0,0.9998197548666186,0.0001802451333813987,0.0,0.0
22,X,1283470,5544,1,0,1,0.999639379733141,0.00018031013342949875,0.0,0.00018031013342949875
23,X,1283476,5547,0,0,1,0.9998197548666186,0.0,0.0,0.0001802451333813987
24,X,1283483,5440,3,0,105,0.9805335255948089,0.0005407354001441961,0.0,0.018925739005046863
25,X,1283484,5547,1,0,0,0.9998197548666186,0.0001802451333813987,0.0,0.0
26,X,1283487,5546,0,1,1,0.9996395097332372,0.0,0.0001802451333813987,0.0001802451333813987
27,X,1283488,5547,1,0,0,0.9998197548666186,0.0001802451333813987,0.0,0.0
28,X,1283490,5547,1,0,0,0.9998197548666186,0.0001802451333813987,0.0,0.0
29,X,1283493,5547,1,0,0,0.9998197548666186,0.0001802451333813987,0.0,0.0
30,X,1283494,5547,0,0,1,0.9998197548666186,0.0,0.0,0.0001802451333813987
31,X,1283496,5547,1,0,0,0.9998197548666186,0.0001802451333813987,0.0,0.0
32,X,1283499,5547,0,1,0,0.9998197548666186,0.0,0.0001802451333813987,0.0
33,X,1283500,5547,0,0,1,0.9998197548666186,0.0,0.0,0.0001802451333813987
34,X,1283505,5547,0,0,1,0.9998197548666186,0.0,0.0,0.0001802451333813987
35,X,1283506,5546,2,0,0,0.9996395097332372,0.0003604902667627974,0.0,0.0
36,X,1283508,5547,0,1,0,0.9998197548666186,0.0,0.0001802451333813987,0.0
37,X,1283511,5546,0,0,2,0.9996395097332372,0.0,0.0,0.0003604902667627974
38,X,1283517,5546,0,0,2,0.9996395097332372,0.0,0.0,0.0003604902667627974
39,X,1283518,5546,2,0,0,0.9996395097332372,0.0003604902667627974,0.0,0.0
40,X,1283526,5545,0,0,1,0.9998196898665705,0.0,0.0,0.00018031013342949875
41,X,1283536,5546,0,1,1,0.9996395097332372,0.0,0.0001802451333813987,0.0001802451333813987
42,X,1283538,5547,1,0,0,0.9998197548666186,0.0001802451333813987,0.0,0.0
43,X,1283541,5547,0,0,1,0.9998197548666186,0.0,0.0,0.0001802451333813987
44,X,1283542,5547,1,0,0,0.9998197548666186,0.0001802451333813987,0.0,0.0
45,X,1283544,5546,0,0,2,0.9996395097332372,0.0,0.0,0.0003604902667627974
46,X,1283545,5547,1,0,0,0.9998197548666186,0.0001802451333813987,0.0,0.0
47,X,1283546,5547,1,0,0,0.9998197548666186,0.0001802451333813987,0.0,0.0
48,X,1283551,5547,0,1,0,0.9998197548666186,0.0,0.0001802451333813987,0.0
49,X,1283560,5544,0,1,1,0.999639379733141,0.0,0.00018031013342949875,0.00018031013342949875
50,X,1283562,5547,0,1,0,0.9998197548666186,0.0,0.0001802451333813987,0.0
51,X,1283566,5546,0,2,0,0.9996395097332372,0.0,0.0003604902667627974,0.0
52,X,1283568,5547,1,0,0,0.9998197548666186,0.0001802451333813987,0.0,0.0
53,X,1283569,5547,1,0,0,0.9998197548666186,0.0001802451333813987,0.0,0.0
54,X,1283570,5539,8,1,0,0.9983777937995674,0.0014419610670511895,0.0001802451333813987,0.0
55,X,1283578,5547,1,0,0,0.9998197548666186,0.0001802451333813987,0.0,0.0
56,X,1283580,5546,0,2,0,0.9996395097332372,0.0,0.0003604902667627974,0.0
57,X,1283584,5546,2,0,0,0.9996395097332372,0.0003604902667627974,0.0,0.0
58,X,1283592,5546,1,0,1,0.9996395097332372,0.0001802451333813987,0.0,0.0001802451333813987
59,X,1283595,5547,0,1,0,0.9998197548666186,0.0,0.0001802451333813987,0.0
60,X,1283596,5546,0,2,0,0.9996395097332372,0.0,0.0003604902667627974,0.0
61,X,1283598,5547,1,0,0,0.9998197548666186,0.0001802451333813987,0.0,0.0
62,X,1283599,5546,2,0,0,0.9996395097332372,0.0003604902667627974,0.0,0.0
63,X,1283601,5547,0,1,0,0.9998197548666186,0.0,0.0001802451333813987,0.0
64,X,1283604,5547,1,0,0,0.9998197548666186,0.0001802451333813987,0.0,0.0
65,X,1283607,5547,1,0,0,0.9998197548666186,0.0001802451333813987,0.0,0.0
66,X,1283608,5547,1,0,0,0.9998197548666186,0.0001802451333813987,0.0,0.0
67,X,1283610,5546,0,1,1,0.9996395097332372,0.0,0.0001802451333813987,0.0001802451333813987
68,X,1283613,5547,1,0,0,0.9998197548666186,0.0001802451333813987,0.0,0.0
69,X,1283615,5547,0,0,1,0.9998197548666186,0.0,0.0,0.0001802451333813987
70,X,1283616,5547,0,0,1,0.9998197548666186,0.0,0.0,0.0001802451333813987
71,X,1283626,5546,1,0,1,0.9996395097332372,0.0001802451333813987,0.0,0.0001802451333813987
72,X,1283633,5547,0,1,0,0.9998197548666186,0.0,0.0001802451333813987,0.0
73,X,1283636,5547,1,0,0,0.9998197548666186,0.0001802451333813987,0.0,0.0
74,X,1283637,5547,0,1,0,0.9998197548666186,0.0,0.0001802451333813987,0.0
75,X,1283641,5547,1,0,0,0.9998197548666186,0.0001802451333813987,0.0,0.0
76,X,1283642,5544,3,0,1,0.9992790194664743,0.0005407354001441961,0.0,0.0001802451333813987
77,X,1283649,5547,0,1,0,0.9998197548666186,0.0,0.0001802451333813987,0.0
78,X,1283656,5547,0,0,1,0.9998197548666186,0.0,0.0,0.0001802451333813987
79,X,1283658,5547,1,0,0,0.9998197548666186,0.0001802451333813987,0.0,0.0
80,X,1283659,5547,0,1,0,0.9998197548666186,0.0,0.0001802451333813987,0.0
81,X,1283661,5545,1,1,1,0.9994592645998558,0.0001802451333813987,0.0001802451333813987,0.0001802451333813987
82,X,1283662,5547,1,0,0,0.9998197548666186,0.0001802451333813987,0.0,0.0
83,X,1283665,5546,0,0,2,0.9996395097332372,0.0,0.0,0.0003604902667627974
84,X,1283668,5545,3,0,0,0.9994592645998558,0.0005407354001441961,0.0,0.0
85,X,1283672,5547,1,0,0,0.9998197548666186,0.0001802451333813987,0.0,0.0
86,X,1283673,5547,0,1,0,0.9998197548666186,0.0,0.0001802451333813987,0.0
87,X,1283674,5546,0,2,0,0.9996395097332372,0.0,0.0003604902667627974,0.0
88,X,1283676,5547,0,0,1,0.9998197548666186,0.0,0.0,0.0001802451333813987
89,X,1283682,5545,0,0,1,0.9998196898665705,0.0,0.0,0.00018031013342949875
90,X,1283686,5547,1,0,0,0.9998197548666186,0.0001802451333813987,0.0,0.0
91,X,1283689,5547,0,1,0,0.9998197548666186,0.0,0.0001802451333813987,0.0
92,X,1283691,5547,1,0,0,0.9998197548666186,0.0001802451333813987,0.0,0.0
93,X,1283692,5547,1,0,0,0.9998197548666186,0.0001802451333813987,0.0,0.0
94,X,1283694,5545,1,0,0,0.9998196898665705,0.00018031013342949875,0.0,0.0
95,X,1283704,5531,1,15,1,0.9969358327325162,0.0001802451333813987,0.0027036770007209804,0.0001802451333813987
96,X,1283707,5547,0,0,1,0.9998197548666186,0.0,0.0,0.0001802451333813987
97,X,1283710,5547,0,0,1,0.9998197548666186,0.0,0.0,0.0001802451333813987
98,X,1283714,5546,0,1,1,0.9996395097332372,0.0,0.0001802451333813987,0.0001802451333813987
99,X,1283715,5547,1,0,0,0.9998197548666186,0.0001802451333813987,0.0,0.0
100,X,1283718,5544,0,2,0,0.999639379733141,0.0,0.0003606202668589975,0.0
101,X,1283719,5538,1,9,0,0.998197548666186,0.0001802451333813987,0.0016222062004325882,0.0
102,X,1283721,5547,0,0,1,0.9998197548666186,0.0,0.0,0.0001802451333813987
103,X,1283722,5541,0,7,0,0.9987382840663303,0.0,0.0012617159336697908,0.0
104,X,1283725,5545,2,0,1,0.9994592645998558,0.0003604902667627974,0.0,0.0001802451333813987
105,X,1283728,5546,1,0,1,0.9996395097332372,0.0001802451333813987,0.0,0.0001802451333813987
106,X,1283731,5547,0,0,1,0.9998197548666186,0.0,0.0,0.0001802451333813987
107,X,1283734,5546,1,0,1,0.9996395097332372,0.0001802451333813987,0.0,0.0001802451333813987
108,X,1283740,5546,2,0,0,0.9996395097332372,0.0003604902667627974,0.0,0.0
109,X,1283745,5545,1,0,0,0.9998196898665705,0.00018031013342949875,0.0,0.0
110,X,1283748,5545,1,0,0,0.9998196898665705,0.00018031013342949875,0.0,0.0
111,X,1283758,5544,1,0,1,0.999639379733141,0.00018031013342949875,0.0,0.00018031013342949875
112,X,1283761,5546,1,1,0,0.9996395097332372,0.0001802451333813987,0.0001802451333813987,0.0
113,X,1283763,5545,0,0,1,0.9998196898665705,0.0,0.0,0.00018031013342949875
114,X,1283764,5547,0,1,0,0.9998197548666186,0.0,0.0001802451333813987,0.0
115,X,1283769,5547,1,0,0,0.9998197548666186,0.0001802451333813987,0.0,0.0
116,X,1283770,5545,1,2,0,0.9994592645998558,0.0001802451333813987,0.0003604902667627974,0.0
117,X,1283773,5545,2,0,1,0.9994592645998558,0.0003604902667627974,0.0,0.0001802451333813987
118,X,1283775,5547,1,0,0,0.9998197548666186,0.0001802451333813987,0.0,0.0
119,X,1300116,5545,2,0,1,0.9994592645998558,0.0003604902667627974,0.0,0.0001802451333813987
120,X,1300119,5547,0,0,1,0.9998197548666186,0.0,0.0,0.0001802451333813987
121,X,1300126,5547,1,0,0,0.9998197548666186,0.0001802451333813987,0.0,0.0
122,X,1300128,5546,2,0,0,0.9996395097332372,0.0003604902667627974,0.0,0.0
123,X,1300129,5544,2,2,0,0.9992790194664743,0.0003604902667627974,0.0003604902667627974,0.0
124,X,1300137,5543,1,4,0,0.999098774333093,0.0001802451333813987,0.0007209805335255948,0.0
125,X,1300143,5546,1,1,0,0.9996395097332372,0.0001802451333813987,0.0001802451333813987,0.0
126,X,1300147,5543,3,2,0,0.999098774333093,0.0005407354001441961,0.0003604902667627974,0.0
127,X,1300149,5546,2,0,0,0.9996395097332372,0.0003604902667627974,0.0,0.0
128,X,1300152,5544,1,1,0,0.999639379733141,0.00018031013342949875,0.00018031013342949875,0.0
129,X,1300155,5368,1,3,0,0.9992553983618764,0.00018615040953090097,0.0005584512285927029,0.0
130,X,1300156,5369,0,1,0,0.9998137802607077,0.0,0.00018621973929236498,0.0
131,X,1300158,5535,1,0,0,0.9998193641618497,0.000180635838150289,0.0,0.0
132,X,1300159,5536,2,0,0,0.9996388587937883,0.00036114120621162876,0.0,0.0
133,X,1300161,5546,0,2,0,0.9996395097332372,0.0,0.0003604902667627974,0.0
134,X,1300164,5547,0,1,0,0.9998197548666186,0.0,0.0001802451333813987,0.0
135,X,1300165,5543,0,3,0,0.9994590695997115,0.0,0.0005409304002884963,0.0
136,X,1300167,5545,1,1,1,0.9994592645998558,0.0001802451333813987,0.0001802451333813987,0.0001802451333813987
137,X,1300171,5546,0,2,0,0.9996395097332372,0.0,0.0003604902667627974,0.0
138,X,1300173,5542,6,0,0,0.9989185291997116,0.0010814708002883922,0.0,0.0
139,X,1300176,5543,3,2,0,0.999098774333093,0.0005407354001441961,0.0003604902667627974,0.0
140,X,1300180,5547,1,0,0,0.9998197548666186,0.0001802451333813987,0.0,0.0
141,X,1300182,5513,1,34,0,0.993691420331651,0.0001802451333813987,0.0061283345349675555,0.0
142,X,1300186,5547,1,0,0,0.9998197548666186,0.0001802451333813987,0.0,0.0
143,X,1300189,5542,0,6,0,0.9989185291997116,0.0,0.0010814708002883922,0.0
144,X,1300190,5542,5,1,0,0.9989185291997116,0.0009012256669069935,0.0001802451333813987,0.0
145,X,1300192,5547,0,1,0,0.9998197548666186,0.0,0.0001802451333813987,0.0
146,X,1300194,5532,0,7,1,0.9985559566787003,0.0,0.001263537906137184,0.00018050541516245486
147,X,1300195,5545,0,3,0,0.9994592645998558,0.0,0.0005407354001441961,0.0
148,X,1300197,5514,29,0,5,0.9938716654650325,0.005227108868060562,0.0,0.0009012256669069935
149,X,1300198,5520,28,0,0,0.9949531362653208,0.005046863734679163,0.0,0.0
150,X,1300201,5539,7,2,0,0.9983777937995674,0.0012617159336697908,0.0003604902667627974,0.0
151,X,1300203,5536,1,10,1,0.9978370583994232,0.0001802451333813987,0.001802451333813987,0.0001802451333813987
152,X,1300206,5545,1,2,0,0.9994592645998558,0.0001802451333813987,0.0003604902667627974,0.0
153,X,1300207,5542,1,5,0,0.9989185291997116,0.0001802451333813987,0.0009012256669069935,0.0
154,X,1300212,5540,1,7,0,0.9985580389329488,0.0001802451333813987,0.0012617159336697908,0.0
155,X,1300215,5534,12,2,0,0.9974765681326604,0.0021629416005767843,0.0003604902667627974,0.0
156,X,1300216,5545,0,3,0,0.9994592645998558,0.0,0.0005407354001441961,0.0
157,X,1300219,5543,1,2,0,0.9994590695997115,0.00018031013342949875,0.0003606202668589975,0.0
158,X,1300222,5546,0,1,1,0.9996395097332372,0.0,0.0001802451333813987,0.0001802451333813987
159,X,1300224,5528,0,11,9,0.996395097332372,0.0,0.0019826964671953856,0.0016222062004325882
160,X,1300227,5547,0,0,1,0.9998197548666186,0.0,0.0,0.0001802451333813987
161,X,1300230,5547,0,1,0,0.9998197548666186,0.0,0.0001802451333813987,0.0
162,X,1300231,5320,0,0,228,0.958904109589041,0.0,0.0,0.0410958904109589
163,X,1300234,5534,5,9,0,0.9974765681326604,0.0009012256669069935,0.0016222062004325882,0.0
164,X,1300236,5543,1,2,0,0.9994590695997115,0.00018031013342949875,0.0003606202668589975,0.0
165,X,1300240,5544,1,3,0,0.9992790194664743,0.0001802451333813987,0.0005407354001441961,0.0
166,X,1300242,5545,2,1,0,0.9994592645998558,0.0003604902667627974,0.0001802451333813987,0.0
167,X,1300243,5546,0,2,0,0.9996395097332372,0.0,0.0003604902667627974,0.0
168,X,1300245,5540,7,1,0,0.9985580389329488,0.0012617159336697908,0.0001802451333813987,0.0
169,X,1300248,5546,2,0,0,0.9996395097332372,0.0003604902667627974,0.0,0.0
170,X,1300249,5546,2,0,0,0.9996395097332372,0.0003604902667627974,0.0,0.0
171,X,1300250,5537,3,0,8,0.9980173035328046,0.0005407354001441961,0.0,0.0014419610670511895
172,X,1300251,5547,0,0,1,0.9998197548666186,0.0,0.0,0.0001802451333813987
173,X,1300252,5547,0,1,0,0.9998197548666186,0.0,0.0001802451333813987,0.0
174,X,1300253,5542,3,2,1,0.9989185291997116,0.0005407354001441961,0.0003604902667627974,0.0001802451333813987
175,X,1300257,5547,0,1,0,0.9998197548666186,0.0,0.0001802451333813987,0.0
176,X,1300260,5545,2,0,1,0.9994592645998558,0.0003604902667627974,0.0,0.0001802451333813987
177,X,1300261,5546,0,2,0,0.9996395097332372,0.0,0.0003604902667627974,0.0
178,X,1300264,5529,0,19,0,0.9965753424657534,0.0,0.003424657534246575,0.0
179,X,1300269,5546,2,0,0,0.9996395097332372,0.0003604902667627974,0.0,0.0
180,X,1300273,5520,0,28,0,0.9949531362653208,0.0,0.005046863734679163,0.0
181,X,1300275,5547,1,0,0,0.9998197548666186,0.0001802451333813987,0.0,0.0
182,X,1300276,5544,1,2,1,0.9992790194664743,0.0001802451333813987,0.0003604902667627974,0.0001802451333813987
183,X,1300278,5547,1,0,0,0.9998197548666186,0.0001802451333813987,0.0,0.0
184,X,1300279,5543,1,4,0,0.999098774333093,0.0001802451333813987,0.0007209805335255948,0.0
185,X,1300281,5544,4,0,0,0.9992790194664743,0.0007209805335255948,0.0,0.0
186,X,1300282,5547,1,0,0,0.9998197548666186,0.0001802451333813987,0.0,0.0
187,X,1300284,5546,2,0,0,0.9996395097332372,0.0003604902667627974,0.0,0.0
188,X,1300285,5543,1,4,0,0.999098774333093,0.0001802451333813987,0.0007209805335255948,0.0
189,X,1300287,5545,3,0,0,0.9994592645998558,0.0005407354001441961,0.0,0.0
190,X,1300288,5541,0,7,0,0.9987382840663303,0.0,0.0012617159336697908,0.0
191,X,1300290,4807,0,1,738,0.8667508113956004,0.0,0.00018031013342949875,0.13306887847097007
192,X,1300291,5526,0,22,0,0.9960346070656092,0.0,0.003965392934390771,0.0
193,X,1300293,5546,1,0,1,0.9996395097332372,0.0001802451333813987,0.0,0.0001802451333813987
194,X,1300294,5539,1,8,0,0.9983777937995674,0.0001802451333813987,0.0014419610670511895,0.0
195,X,1300296,5547,1,0,0,0.9998197548666186,0.0001802451333813987,0.0,0.0
196,X,1300297,5546,2,0,0,0.9996395097332372,0.0003604902667627974,0.0,0.0
197,X,1300316,5546,0,2,0,0.9996395097332372,0.0,0.0003604902667627974,0.0
198,X,1300321,5547,0,1,0,0.9998197548666186,0.0,0.0001802451333813987,0.0
199,X,1300323,5515,1,0,0,0.9998187092095722,0.00018129079042784627,0.0,0.0
200,X,1300324,5514,1,1,0,0.9996374184191443,0.00018129079042784627,0.00018129079042784627,0.0
201,X,1300327,5545,0,3,0,0.9994592645998558,0.0,0.0005407354001441961,0.0
202,X,1300330,5544,3,1,0,0.9992790194664743,0.0005407354001441961,0.0001802451333813987,0.0
203,X,1300335,5546,0,2,0,0.9996395097332372,0.0,0.0003604902667627974,0.0
204,X,1300338,5547,1,0,0,0.9998197548666186,0.0001802451333813987,0.0,0.0
205,X,1300342,5545,0,1,0,0.9998196898665705,0.0,0.00018031013342949875,0.0
206,X,1300344,5538,0,2,0,0.9996389891696751,0.0,0.00036101083032490973,0.0
207,X,1300347,5547,0,0,1,0.9998197548666186,0.0,0.0,0.0001802451333813987
208,X,1300348,5544,0,4,0,0.9992790194664743,0.0,0.0007209805335255948,0.0
209,X,1300351,5520,1,1,0,0.9996378123868164,0.00018109380659181456,0.00018109380659181456,0.0
210,X,1300353,5521,0,1,0,0.9998189061934082,0.0,0.00018109380659181456,0.0
211,X,1300357,5546,0,2,0,0.9996395097332372,0.0,0.0003604902667627974,0.0
212,X,1300360,5547,0,1,0,0.9998197548666186,0.0,0.0001802451333813987,0.0
213,X,1300368,5547,1,0,0,0.9998197548666186,0.0001802451333813987,0.0,0.0
214,X,1300371,5545,1,1,1,0.9994592645998558,0.0001802451333813987,0.0001802451333813987,0.0001802451333813987
215,X,1300375,5545,1,0,0,0.9998196898665705,0.00018031013342949875,0.0,0.0
216,X,1300380,5545,1,0,0,0.9998196898665705,0.00018031013342949875,0.0,0.0
217,X,1300381,5545,1,0,0,0.9998196898665705,0.00018031013342949875,0.0,0.0
218,X,1300383,5541,1,3,1,0.9990984493328525,0.00018031013342949875,0.0005409304002884963,0.00018031013342949875
219,X,1300384,5540,0,6,0,0.998918139199423,0.0,0.0010818608005769925,0.0
220,X,1300386,5542,2,0,0,0.9996392496392497,0.00036075036075036075,0.0,0.0
221,X,1300408,5544,1,1,0,0.999639379733141,0.00018031013342949875,0.00018031013342949875,0.0
222,X,1300410,5540,2,0,0,0.9996391194514616,0.00036088054853843375,0.0,0.0
223,X,1300420,5536,0,2,0,0.9996388587937883,0.0,0.00036114120621162876,0.0
224,X,1300422,5540,3,0,3,0.998918139199423,0.0005409304002884963,0.0,0.0005409304002884963
225,X,1300425,5532,1,1,0,0.9996385977593061,0.00018070112034694616,0.00018070112034694616,0.0
226,X,1300426,5533,0,1,0,0.999819298879653,0.0,0.00018070112034694616,0.0
227,X,1300428,5529,0,3,0,0.9994577006507592,0.0,0.0005422993492407809,0.0
228,X,1300431,5546,0,2,0,0.9996395097332372,0.0,0.0003604902667627974,0.0
229,X,1300434,5545,1,0,2,0.9994592645998558,0.0001802451333813987,0.0,0.0003604902667627974
230,X,1300437,5524,24,0,0,0.9956741167988464,0.004325883201153569,0.0,0.0
231,X,1300438,5537,2,0,7,0.9983772087991345,0.0003606202668589975,0.0,0.0012621709340064912
232,X,1300440,5545,0,0,1,0.9998196898665705,0.0,0.0,0.00018031013342949875
233,X,1300441,5545,0,0,1,0.9998196898665705,0.0,0.0,0.00018031013342949875
234,X,1300462,5547,0,0,1,0.9998197548666186,0.0,0.0,0.0001802451333813987
235,X,1300465,5547,1,0,0,0.9998197548666186,0.0001802451333813987,0.0,0.0
236,X,1300474,5543,0,1,0,0.9998196248196248,0.0,0.00018037518037518038,0.0
237,X,1300480,5547,0,1,0,0.9998197548666186,0.0,0.0001802451333813987,0.0
238,X,1300492,5546,2,0,0,0.9996395097332372,0.0003604902667627974,0.0,0.0
239,X,1300498,5511,0,32,1,0.9940476190476191,0.0,0.005772005772005772,0.00018037518037518038
240,X,1300499,5544,1,0,1,0.999639379733141,0.00018031013342949875,0.0,0.00018031013342949875
241,X,1300501,5545,0,1,0,0.9998196898665705,0.0,0.00018031013342949875,0.0
242,X,1300503,5547,0,0,1,0.9998197548666186,0.0,0.0,0.0001802451333813987
243,X,1300504,5546,1,0,1,0.9996395097332372,0.0001802451333813987,0.0,0.0001802451333813987
244,X,1300507,5547,0,1,0,0.9998197548666186,0.0,0.0001802451333813987,0.0
245,X,1300510,5546,1,0,1,0.9996395097332372,0.0001802451333813987,0.0,0.0001802451333813987
246,X,1300512,5547,1,0,0,0.9998197548666186,0.0001802451333813987,0.0,0.0
247,X,1300513,5547,1,0,0,0.9998197548666186,0.0001802451333813987,0.0,0.0
248,X,1300517,5546,0,1,1,0.9996395097332372,0.0,0.0001802451333813987,0.0001802451333813987
249,X,1300521,5546,2,0,0,0.9996395097332372,0.0003604902667627974,0.0,0.0
250,X,1300522,5410,0,0,138,0.975126171593367,0.0,0.0,0.02487382840663302
251,X,1300524,5547,1,0,0,0.9998197548666186,0.0001802451333813987,0.0,0.0
252,X,1300525,5547,0,1,0,0.9998197548666186,0.0,0.0001802451333813987,0.0
253,X,1300526,5546,0,0,2,0.9996395097332372,0.0,0.0,0.0003604902667627974
254,X,1300527,5547,1,0,0,0.9998197548666186,0.0001802451333813987,0.0,0.0
255,X,1300536,5547,1,0,0,0.9998197548666186,0.0001802451333813987,0.0,0.0
256,X,1300552,5547,1,0,0,0.9998197548666186,0.0001802451333813987,0.0,0.0
257,X,1300557,5545,0,0,1,0.9998196898665705,0.0,0.0,0.00018031013342949875
258,X,1300558,5544,0,2,0,0.999639379733141,0.0,0.0003606202668589975,0.0
259,X,1300560,5545,0,1,0,0.9998196898665705,0.0,0.00018031013342949875,0.0
260,X,1300561,5545,1,0,0,0.9998196898665705,0.00018031013342949875,0.0,0.0
261,X,1300566,5547,0,1,0,0.9998197548666186,0.0,0.0001802451333813987,0.0
262,X,1300569,5544,1,2,1,0.9992790194664743,0.0001802451333813987,0.0003604902667627974,0.0001802451333813987
263,X,1300570,5546,0,1,1,0.9996395097332372,0.0,0.0001802451333813987,0.0001802451333813987
264,X,1300584,5547,0,1,0,0.9998197548666186,0.0,0.0001802451333813987,0.0
265,X,1300585,5547,0,1,0,0.9998197548666186,0.0,0.0001802451333813987,0.0
266,X,1300593,5547,0,1,0,0.9998197548666186,0.0,0.0001802451333813987,0.0
267,X,1300596,5546,1,0,1,0.9996395097332372,0.0001802451333813987,0.0,0.0001802451333813987
268,X,1300605,5535,1,0,0,0.9998193641618497,0.000180635838150289,0.0,0.0
269,X,1300606,5545,3,0,0,0.9994592645998558,0.0005407354001441961,0.0,0.0
270,X,1300611,5547,0,1,0,0.9998197548666186,0.0,0.0001802451333813987,0.0
271,X,1300614,5547,1,0,0,0.9998197548666186,0.0001802451333813987,0.0,0.0
272,X,1300617,5546,1,1,0,0.9996395097332372,0.0001802451333813987,0.0001802451333813987,0.0
273,X,1300618,5547,1,0,0,0.9998197548666186,0.0001802451333813987,0.0,0.0
274,X,1300624,5546,0,0,2,0.9996395097332372,0.0,0.0,0.0003604902667627974
275,X,1300626,5547,0,0,1,0.9998197548666186,0.0,0.0,0.0001802451333813987
276,X,1300628,5544,2,0,2,0.9992790194664743,0.0003604902667627974,0.0,0.0003604902667627974
277,X,1300629,5547,0,0,1,0.9998197548666186,0.0,0.0,0.0001802451333813987
278,X,1300632,5545,2,1,0,0.9994592645998558,0.0003604902667627974,0.0001802451333813987,0.0
279,X,1300636,5547,0,0,1,0.9998197548666186,0.0,0.0,0.0001802451333813987
280,X,1300637,5545,1,0,2,0.9994592645998558,0.0001802451333813987,0.0,0.0003604902667627974
281,X,1300638,5547,0,0,1,0.9998197548666186,0.0,0.0,0.0001802451333813987
282,X,1300648,5547,1,0,0,0.9998197548666186,0.0001802451333813987,0.0,0.0
283,X,1300651,5546,1,1,0,0.9996395097332372,0.0001802451333813987,0.0001802451333813987,0.0
284,X,1300653,5545,0,3,0,0.9994592645998558,0.0,0.0005407354001441961,0.0
285,X,1300656,5547,1,0,0,0.9998197548666186,0.0001802451333813987,0.0,0.0
286,X,1300659,5545,1,0,2,0.9994592645998558,0.0001802451333813987,0.0,0.0003604902667627974
287,X,1300666,5546,1,0,1,0.9996395097332372,0.0001802451333813987,0.0,0.0001802451333813987
288,X,1300671,5547,0,0,1,0.9998197548666186,0.0,0.0,0.0001802451333813987
289,X,1300672,5546,0,2,0,0.9996395097332372,0.0,0.0003604902667627974,0.0
290,X,1300674,5547,0,1,0,0.9998197548666186,0.0,0.0001802451333813987,0.0
291,X,1300678,5547,1,0,0,0.9998197548666186,0.0001802451333813987,0.0,0.0
292,X,1300681,5546,1,0,1,0.9996395097332372,0.0001802451333813987,0.0,0.0001802451333813987
293,X,1300683,5547,0,1,0,0.9998197548666186,0.0,0.0001802451333813987,0.0
294,X,1300687,5547,0,0,1,0.9998197548666186,0.0,0.0,0.0001802451333813987
295,X,1300689,5547,1,0,0,0.9998197548666186,0.0001802451333813987,0.0,0.0
296,X,1300694,5546,2,0,0,0.9996395097332372,0.0003604902667627974,0.0,0.0
297,X,1300708,5547,1,0,0,0.9998197548666186,0.0001802451333813987,0.0,0.0
298,X,1300709,5546,1,0,1,0.9996395097332372,0.0001802451333813987,0.0,0.0001802451333813987
299,X,1300716,5547,1,0,0,0.9998197548666186,0.0001802451333813987,0.0,0.0
300,X,1300719,5547,0,0,1,0.9998197548666186,0.0,0.0,0.0001802451333813987
301,X,1300721,5547,1,0,0,0.9998197548666186,0.0001802451333813987,0.0,0.0
302,X,1300735,5547,1,0,0,0.9998197548666186,0.0001802451333813987,0.0,0.0
303,X,1300742,5547,0,1,0,0.9998197548666186,0.0,0.0001802451333813987,0.0
304,X,1300746,5547,0,0,1,0.9998197548666186,0.0,0.0,0.0001802451333813987
305,X,1300750,5546,1,0,1,0.9996395097332372,0.0001802451333813987,0.0,0.0001802451333813987
306,X,1300767,5547,1,0,0,0.9998197548666186,0.0001802451333813987,0.0,0.0
307,X,1300780,5546,2,0,0,0.9996395097332372,0.0003604902667627974,0.0,0.0
308,X,1300785,5547,1,0,0,0.9998197548666186,0.0001802451333813987,0.0,0.0
309,X,1300789,5547,0,0,1,0.9998197548666186,0.0,0.0,0.0001802451333813987
310,X,1300795,5547,0,0,1,0.9998197548666186,0.0,0.0,0.0001802451333813987
311,X,1300800,5547,0,1,0,0.9998197548666186,0.0,0.0001802451333813987,0.0
312,X,1300801,5546,2,0,0,0.9996395097332372,0.0003604902667627974,0.0,0.0
313,X,1300827,5547,1,0,0,0.9998197548666186,0.0001802451333813987,0.0,0.0
314,X,1300834,5547,0,0,1,0.9998197548666186,0.0,0.0,0.0001802451333813987
315,X,1300836,5547,1,0,0,0.9998197548666186,0.0001802451333813987,0.0,0.0
316,X,1300837,5545,1,1,1,0.9994592645998558,0.0001802451333813987,0.0001802451333813987,0.0001802451333813987
317,X,1300842,5547,1,0,0,0.9998197548666186,0.0001802451333813987,0.0,0.0
318,X,1300851,5546,0,2,0,0.9996395097332372,0.0,0.0003604902667627974,0.0
319,X,1300857,5546,0,2,0,0.9996395097332372,0.0,0.0003604902667627974,0.0
320,X,1300858,5547,1,0,0,0.9998197548666186,0.0001802451333813987,0.0,0.0
321,X,1300861,5545,0,1,0,0.9998196898665705,0.0,0.00018031013342949875,0.0
322,X,1300873,5546,0,2,0,0.9996395097332372,0.0,0.0003604902667627974,0.0
323,X,1300876,5547,0,0,1,0.9998197548666186,0.0,0.0,0.0001802451333813987
324,X,1300878,5547,1,0,0,0.9998197548666186,0.0001802451333813987,0.0,0.0
325,X,1300881,5547,0,0,1,0.9998197548666186,0.0,0.0,0.0001802451333813987
326,X,1300890,5547,0,0,1,0.9998197548666186,0.0,0.0,0.0001802451333813987
327,X,1300902,5547,1,0,0,0.9998197548666186,0.0001802451333813987,0.0,0.0
328,X,1300903,5544,1,3,0,0.9992790194664743,0.0001802451333813987,0.0005407354001441961,0.0
329,X,1300905,5546,0,1,1,0.9996395097332372,0.0,0.0001802451333813987,0.0001802451333813987
330,X,1300914,5547,1,0,0,0.9998197548666186,0.0001802451333813987,0.0,0.0
331,X,1300916,5547,0,0,1,0.9998197548666186,0.0,0.0,0.0001802451333813987
332,X,1300917,5546,0,0,2,0.9996395097332372,0.0,0.0,0.0003604902667627974
333,X,1300918,5545,0,0,1,0.9998196898665705,0.0,0.0,0.00018031013342949875
334,X,1300921,5547,0,0,1,0.9998197548666186,0.0,0.0,0.0001802451333813987
335,X,1300929,5547,0,1,0,0.9998197548666186,0.0,0.0001802451333813987,0.0
336,X,1300930,5544,1,0,3,0.9992790194664743,0.0001802451333813987,0.0,0.0005407354001441961
337,X,1300936,5546,2,0,0,0.9996395097332372,0.0003604902667627974,0.0,0.0
338,X,1300939,5547,0,0,1,0.9998197548666186,0.0,0.0,0.0001802451333813987
339,X,1308492,5547,0,0,1,0.9998197548666186,0.0,0.0,0.0001802451333813987
340,X,1308502,5547,1,0,0,0.9998197548666186,0.0001802451333813987,0.0,0.0
341,X,1308503,5541,6,0,1,0.9987382840663303,0.0010814708002883922,0.0,0.0001802451333813987
342,X,1308507,5547,0,0,1,0.9998197548666186,0.0,0.0,0.0001802451333813987
343,X,1308514,5547,1,0,0,0.9998197548666186,0.0001802451333813987,0.0,0.0
344,X,1308522,5545,2,0,1,0.9994592645998558,0.0003604902667627974,0.0,0.0001802451333813987
345,X,1308525,5547,0,1,0,0.9998197548666186,0.0,0.0001802451333813987,0.0
346,X,1308529,5547,0,0,1,0.9998197548666186,0.0,0.0,0.0001802451333813987
347,X,1308531,5546,0,1,1,0.9996395097332372,0.0,0.0001802451333813987,0.0001802451333813987
348,X,1308532,5547,0,0,1,0.9998197548666186,0.0,0.0,0.0001802451333813987
349,X,1308534,5547,1,0,0,0.9998197548666186,0.0001802451333813987,0.0,0.0
350,X,1308543,5547,0,1,0,0.9998197548666186,0.0,0.0001802451333813987,0.0
351,X,1308551,5543,1,4,0,0.999098774333093,0.0001802451333813987,0.0007209805335255948,0.0
352,X,1308555,5547,0,0,1,0.9998197548666186,0.0,0.0,0.0001802451333813987
353,X,1308567,5547,1,0,0,0.9998197548666186,0.0001802451333813987,0.0,0.0
354,X,1308570,5546,1,0,1,0.9996395097332372,0.0001802451333813987,0.0,0.0001802451333813987
355,X,1308572,5546,1,0,1,0.9996395097332372,0.0001802451333813987,0.0,0.0001802451333813987
356,X,1308580,5546,1,0,1,0.9996395097332372,0.0001802451333813987,0.0,0.0001802451333813987
357,X,1308583,5546,2,0,0,0.9996395097332372,0.0003604902667627974,0.0,0.0
358,X,1308585,5547,1,0,0,0.9998197548666186,0.0001802451333813987,0.0,0.0
359,X,1308589,5547,0,0,1,0.9998197548666186,0.0,0.0,0.0001802451333813987
360,X,1308592,5546,0,0,2,0.9996395097332372,0.0,0.0,0.0003604902667627974
361,X,1308597,5547,0,1,0,0.9998197548666186,0.0,0.0001802451333813987,0.0
362,X,1308598,5546,1,1,0,0.9996395097332372,0.0001802451333813987,0.0001802451333813987,0.0
363,X,1308601,5547,0,0,1,0.9998197548666186,0.0,0.0,0.0001802451333813987
364,X,1308602,5528,19,0,1,0.996395097332372,0.003424657534246575,0.0,0.0001802451333813987
365,X,1308603,5547,1,0,0,0.9998197548666186,0.0001802451333813987,0.0,0.0
366,X,1308614,3161,2386,1,0,0.5697548666186013,0.4300648882480173,0.0001802451333813987,0.0
367,X,1308616,5547,0,0,1,0.9998197548666186,0.0,0.0,0.0001802451333813987
368,X,1308631,5547,1,0,0,0.9998197548666186,0.0001802451333813987,0.0,0.0
369,X,1308632,5544,1,2,1,0.9992790194664743,0.0001802451333813987,0.0003604902667627974,0.0001802451333813987
370,X,1308636,5547,0,1,0,0.9998197548666186,0.0,0.0001802451333813987,0.0
371,X,1308639,5547,0,1,0,0.9998197548666186,0.0,0.0001802451333813987,0.0
372,X,1308646,5547,0,1,0,0.9998197548666186,0.0,0.0001802451333813987,0.0
373,X,1308650,5542,1,5,0,0.9989185291997116,0.0001802451333813987,0.0009012256669069935,0.0
374,X,1308656,5545,1,0,2,0.9994592645998558,0.0001802451333813987,0.0,0.0003604902667627974
375,X,1308658,5547,1,0,0,0.9998197548666186,0.0001802451333813987,0.0,0.0
376,X,1308660,5547,0,1,0,0.9998197548666186,0.0,0.0001802451333813987,0.0
377,X,1308667,5547,0,1,0,0.9998197548666186,0.0,0.0001802451333813987,0.0
378,X,1308673,5547,1,0,0,0.9998197548666186,0.0001802451333813987,0.0,0.0
379,X,1308675,5547,0,0,1,0.9998197548666186,0.0,0.0,0.0001802451333813987
380,X,1308678,5547,1,0,0,0.9998197548666186,0.0001802451333813987,0.0,0.0
381,X,1308679,5547,0,1,0,0.9998197548666186,0.0,0.0001802451333813987,0.0
382,X,1308681,5547,0,0,1,0.9998197548666186,0.0,0.0,0.0001802451333813987
383,X,1308682,5547,0,0,1,0.9998197548666186,0.0,0.0,0.0001802451333813987
384,X,1308684,5547,0,0,1,0.9998197548666186,0.0,0.0,0.0001802451333813987
385,X,1308685,5547,0,0,1,0.9998197548666186,0.0,0.0,0.0001802451333813987
386,X,1308687,5547,1,0,0,0.9998197548666186,0.0001802451333813987,0.0,0.0
387,X,1308691,5546,0,2,0,0.9996395097332372,0.0,0.0003604902667627974,0.0
388,X,1308693,5547,1,0,0,0.9998197548666186,0.0001802451333813987,0.0,0.0
389,X,1308696,5547,1,0,0,0.9998197548666186,0.0001802451333813987,0.0,0.0
390,X,1308699,5547,0,0,1,0.9998197548666186,0.0,0.0,0.0001802451333813987
391,X,1308703,5547,1,0,0,0.9998197548666186,0.0001802451333813987,0.0,0.0
392,X,1308704,5540,6,0,2,0.9985580389329488,0.0010814708002883922,0.0,0.0003604902667627974
393,X,1308708,5547,1,0,0,0.9998197548666186,0.0001802451333813987,0.0,0.0
394,X,1308711,5547,1,0,0,0.9998197548666186,0.0001802451333813987,0.0,0.0
395,X,1308718,5547,0,1,0,0.9998197548666186,0.0,0.0001802451333813987,0.0
396,X,1308721,5544,1,1,0,0.999639379733141,0.00018031013342949875,0.00018031013342949875,0.0
397,X,1308725,5546,1,0,1,0.9996395097332372,0.0001802451333813987,0.0,0.0001802451333813987
398,X,1308738,5547,1,0,0,0.9998197548666186,0.0001802451333813987,0.0,0.0
399,X,1308739,5545,2,1,0,0.9994592645998558,0.0003604902667627974,0.0001802451333813987,0.0
400,X,1308757,5534,0,14,0,0.9974765681326604,0.0,0.0025234318673395817,0.0
401,X,1308759,5541,7,0,0,0.9987382840663303,0.0012617159336697908,0.0,0.0
402,X,1308760,5544,0,4,0,0.9992790194664743,0.0,0.0007209805335255948,0.0
403,X,1308768,5547,0,1,0,0.9998197548666186,0.0,0.0001802451333813987,0.0
404,X,1308769,5547,0,1,0,0.9998197548666186,0.0,0.0001802451333813987,0.0
405,X,1308771,5546,0,1,1,0.9996395097332372,0.0,0.0001802451333813987,0.0001802451333813987
406,X,1308778,5543,1,0,0,0.9998196248196248,0.00018037518037518038,0.0,0.0
407,X,1308784,5527,2,19,0,0.9962148521989906,0.0003604902667627974,0.003424657534246575,0.0
408,X,1308789,5540,2,0,6,0.9985580389329488,0.0003604902667627974,0.0,0.0010814708002883922
409,X,1308790,5547,1,0,0,0.9998197548666186,0.0001802451333813987,0.0,0.0
410,X,1308792,5529,1,7,11,0.9965753424657534,0.0001802451333813987,0.0012617159336697908,0.0019826964671953856
411,X,1308795,5546,0,1,1,0.9996395097332372,0.0,0.0001802451333813987,0.0001802451333813987
412,X,1308796,5542,0,2,0,0.9996392496392497,0.0,0.00036075036075036075,0.0
413,X,1308799,5541,0,3,0,0.9994588744588745,0.0,0.0005411255411255411,0.0
414,X,1308801,5543,1,0,0,0.9998196248196248,0.00018037518037518038,0.0,0.0
415,X,1308802,5518,0,26,0,0.9953102453102453,0.0,0.00468975468975469,0.0
416,X,1308805,5544,0,2,0,0.999639379733141,0.0,0.0003606202668589975,0.0
417,X,1308807,5544,0,0,2,0.999639379733141,0.0,0.0,0.0003606202668589975
418,X,1308810,5547,0,1,0,0.9998197548666186,0.0,0.0001802451333813987,0.0
419,X,1308816,5547,0,1,0,0.9998197548666186,0.0,0.0001802451333813987,0.0
420,X,1308819,5546,1,1,0,0.9996395097332372,0.0001802451333813987,0.0001802451333813987,0.0
421,X,1308826,5547,1,0,0,0.9998197548666186,0.0001802451333813987,0.0,0.0
422,X,1308829,5546,1,1,0,0.9996395097332372,0.0001802451333813987,0.0001802451333813987,0.0
423,X,1308831,5546,0,0,2,0.9996395097332372,0.0,0.0,0.0003604902667627974
424,X,1308834,5547,0,1,0,0.9998197548666186,0.0,0.0001802451333813987,0.0
425,X,1308835,5518,0,30,0,0.994592645998558,0.0,0.005407354001441961,0.0
426,X,1308840,5547,1,0,0,0.9998197548666186,0.0001802451333813987,0.0,0.0
427,X,1308843,5547,0,1,0,0.9998197548666186,0.0,0.0001802451333813987,0.0
428,X,1308849,5547,0,1,0,0.9998197548666186,0.0,0.0001802451333813987,0.0
429,X,1308855,5546,1,1,0,0.9996395097332372,0.0001802451333813987,0.0001802451333813987,0.0
430,X,1308856,5546,0,2,0,0.9996395097332372,0.0,0.0003604902667627974,0.0
431,X,1308863,5521,12,13,0,0.9954922466642625,0.002163721601153985,0.0023440317345834838,0.0
432,X,1308865,5545,0,1,0,0.9998196898665705,0.0,0.00018031013342949875,0.0
433,X,1308876,5545,0,1,2,0.9994592645998558,0.0,0.0001802451333813987,0.0003604902667627974
434,X,1308879,5546,1,0,1,0.9996395097332372,0.0001802451333813987,0.0,0.0001802451333813987
435,X,1308886,5543,0,1,4,0.999098774333093,0.0,0.0001802451333813987,0.0007209805335255948
436,X,1308891,5545,0,1,0,0.9998196898665705,0.0,0.00018031013342949875,0.0
437,X,1308892,5546,1,0,1,0.9996395097332372,0.0001802451333813987,0.0,0.0001802451333813987
438,X,1308894,5545,2,1,0,0.9994592645998558,0.0003604902667627974,0.0001802451333813987,0.0
439,X,1308895,5545,0,3,0,0.9994592645998558,0.0,0.0005407354001441961,0.0
440,X,1308898,5546,1,1,0,0.9996395097332372,0.0001802451333813987,0.0001802451333813987,0.0
441,X,1308900,5547,0,0,1,0.9998197548666186,0.0,0.0,0.0001802451333813987
442,X,1308903,5547,1,0,0,0.9998197548666186,0.0001802451333813987,0.0,0.0
443,X,1308904,5543,0,3,2,0.999098774333093,0.0,0.0005407354001441961,0.0003604902667627974
444,X,1308906,5545,1,0,2,0.9994592645998558,0.0001802451333813987,0.0,0.0003604902667627974
445,X,1308907,5547,0,0,1,0.9998197548666186,0.0,0.0,0.0001802451333813987
446,X,1308913,5516,0,32,0,0.9942321557317952,0.0,0.005767844268204758,0.0
447,X,1308915,5546,2,0,0,0.9996395097332372,0.0003604902667627974,0.0,0.0
448,X,1308916,5546,1,1,0,0.9996395097332372,0.0001802451333813987,0.0001802451333813987,0.0
449,X,1308918,5545,0,3,0,0.9994592645998558,0.0,0.0005407354001441961,0.0
450,X,1308921,5547,0,1,0,0.9998197548666186,0.0,0.0001802451333813987,0.0
451,X,1308922,5544,1,3,0,0.9992790194664743,0.0001802451333813987,0.0005407354001441961,0.0
452,X,1308924,5544,1,0,3,0.9992790194664743,0.0001802451333813987,0.0,0.0005407354001441961
453,X,1308925,5546,1,1,0,0.9996395097332372,0.0001802451333813987,0.0001802451333813987,0.0
454,X,1308930,5541,1,0,0,0.9998195597257308,0.00018044027426921688,0.0,0.0
455,X,1308931,5546,1,1,0,0.9996395097332372,0.0001802451333813987,0.0001802451333813987,0.0
456,X,1308934,5547,0,0,1,0.9998197548666186,0.0,0.0,0.0001802451333813987
457,X,1308939,5545,1,0,0,0.9998196898665705,0.00018031013342949875,0.0,0.0
458,X,1308942,5545,1,0,0,0.9998196898665705,0.00018031013342949875,0.0,0.0
459,X,1308943,5543,1,3,1,0.999098774333093,0.0001802451333813987,0.0005407354001441961,0.0001802451333813987
460,X,1308949,5547,1,0,0,0.9998197548666186,0.0001802451333813987,0.0,0.0
461,X,1308955,5547,0,1,0,0.9998197548666186,0.0,0.0001802451333813987,0.0
462,X,1308960,5546,1,0,1,0.9996395097332372,0.0001802451333813987,0.0,0.0001802451333813987
463,X,1308963,5547,1,0,0,0.9998197548666186,0.0001802451333813987,0.0,0.0
464,X,1308969,5547,1,0,0,0.9998197548666186,0.0001802451333813987,0.0,0.0
465,X,1308972,5547,1,0,0,0.9998197548666186,0.0001802451333813987,0.0,0.0
466,X,1308981,5547,1,0,0,0.9998197548666186,0.0001802451333813987,0.0,0.0
467,X,1308985,5545,1,1,1,0.9994592645998558,0.0001802451333813987,0.0001802451333813987,0.0001802451333813987
468,X,1308990,5547,0,1,0,0.9998197548666186,0.0,0.0001802451333813987,0.0
469,X,1308993,5543,4,0,1,0.999098774333093,0.0007209805335255948,0.0,0.0001802451333813987
470,X,1308994,5546,2,0,0,0.9996395097332372,0.0003604902667627974,0.0,0.0
471,X,1308996,5547,1,0,0,0.9998197548666186,0.0001802451333813987,0.0,0.0
472,X,1308999,5547,1,0,0,0.9998197548666186,0.0001802451333813987,0.0,0.0
473,X,1309000,5546,2,0,0,0.9996395097332372,0.0003604902667627974,0.0,0.0
474,X,1309008,5544,1,0,1,0.999639379733141,0.00018031013342949875,0.0,0.00018031013342949875
475,X,1309014,5545,1,0,0,0.9998196898665705,0.00018031013342949875,0.0,0.0
476,X,1309038,5546,1,1,0,0.9996395097332372,0.0001802451333813987,0.0001802451333813987,0.0
477,X,1309044,5512,1,1,0,0.9996372869060574,0.00018135654697134566,0.00018135654697134566,0.0
478,X,1309047,5546,2,0,0,0.9996395097332372,0.0003604902667627974,0.0,0.0
479,X,1309048,5547,0,0,1,0.9998197548666186,0.0,0.0,0.0001802451333813987
480,X,1309096,5545,1,0,0,0.9998196898665705,0.00018031013342949875,0.0,0.0
481,X,1309099,5542,1,3,0,0.999278759466282,0.00018031013342949875,0.0005409304002884963,0.0
482,X,1309101,5543,2,0,1,0.9994590695997115,0.0003606202668589975,0.0,0.00018031013342949875
483,X,1309102,5518,2,26,0,0.994951316263974,0.0003606202668589975,0.0046880634691669676,0.0
484,X,1309105,5544,1,1,0,0.999639379733141,0.00018031013342949875,0.00018031013342949875,0.0
485,X,1309113,5545,1,0,0,0.9998196898665705,0.00018031013342949875,0.0,0.0
486,X,1309116,5545,1,0,0,0.9998196898665705,0.00018031013342949875,0.0,0.0
487,X,1309120,5546,1,1,0,0.9996395097332372,0.0001802451333813987,0.0001802451333813987,0.0
488,X,1309123,5545,2,1,0,0.9994592645998558,0.0003604902667627974,0.0001802451333813987,0.0
489,X,1309126,5547,1,0,0,0.9998197548666186,0.0001802451333813987,0.0,0.0
490,X,1309130,5547,0,0,1,0.9998197548666186,0.0,0.0,0.0001802451333813987
491,X,1309176,5547,0,0,1,0.9998197548666186,0.0,0.0,0.0001802451333813987
492,X,1309199,5546,1,0,1,0.9996395097332372,0.0001802451333813987,0.0,0.0001802451333813987
493,X,1309201,5546,2,0,0,0.9996395097332372,0.0003604902667627974,0.0,0.0
494,X,1309204,5543,1,0,2,0.9994590695997115,0.00018031013342949875,0.0,0.0003606202668589975
495,X,1309206,5542,0,1,1,0.9996392496392497,0.0,0.00018037518037518038,0.00018037518037518038
496,X,1309207,5542,1,3,0,0.999278759466282,0.00018031013342949875,0.0005409304002884963,0.0
497,X,1309212,5545,0,1,0,0.9998196898665705,0.0,0.00018031013342949875,0.0
498,X,1309213,5544,0,1,1,0.999639379733141,0.0,0.00018031013342949875,0.00018031013342949875
499,X,1309215,5531,15,0,0,0.9972953479985576,0.002704652001442481,0.0,0.0
500,X,1309216,5493,43,10,0,0.9904435629282365,0.007753335737468446,0.0018031013342949874,0.0
501,X,1309218,591,0,0,4957,0.10652487382840663,0.0,0.0,0.8934751261715934
502,X,1309219,5534,3,1,10,0.9974765681326604,0.0005407354001441961,0.0001802451333813987,0.001802451333813987
503,X,1309222,5506,0,2,40,0.9924297043979813,0.0,0.0003604902667627974,0.007209805335255948
504,X,1309224,5545,0,1,0,0.9998196898665705,0.0,0.00018031013342949875,0.0
505,X,1309225,5545,0,1,0,0.9998196898665705,0.0,0.00018031013342949875,0.0
506,X,1309227,5539,0,0,7,0.9987378290659935,0.0,0.0,0.0012621709340064912
507,X,1309228,5539,1,6,0,0.9987378290659935,0.00018031013342949875,0.0010818608005769925,0.0
508,X,1309229,5543,1,0,2,0.9994590695997115,0.00018031013342949875,0.0,0.0003606202668589975
509,X,1309230,5545,0,1,0,0.9998196898665705,0.0,0.00018031013342949875,0.0
510,X,1309231,5545,0,1,0,0.9998196898665705,0.0,0.00018031013342949875,0.0
511,X,1309232,5547,0,1,0,0.9998197548666186,0.0,0.0001802451333813987,0.0
512,X,1309234,5545,0,0,1,0.9998196898665705,0.0,0.0,0.00018031013342949875
513,X,1309237,5547,0,0,1,0.9998197548666186,0.0,0.0,0.0001802451333813987
514,X,1309240,5545,0,3,0,0.9994592645998558,0.0,0.0005407354001441961,0.0
515,X,1309243,5542,0,0,4,0.999278759466282,0.0,0.0,0.000721240533717995
516,X,1309245,5542,1,0,3,0.999278759466282,0.00018031013342949875,0.0,0.0005409304002884963
517,X,1309254,5547,1,0,0,0.9998197548666186,0.0001802451333813987,0.0,0.0
518,X,1309257,5546,0,1,1,0.9996395097332372,0.0,0.0001802451333813987,0.0001802451333813987
519,X,1309261,5543,2,2,1,0.999098774333093,0.0003604902667627974,0.0003604902667627974,0.0001802451333813987
520,X,1309266,5546,0,0,2,0.9996395097332372,0.0,0.0,0.0003604902667627974
521,X,1309267,5545,1,0,2,0.9994592645998558,0.0001802451333813987,0.0,0.0003604902667627974
522,X,1309284,5547,1,0,0,0.9998197548666186,0.0001802451333813987,0.0,0.0
523,X,1309290,5547,1,0,0,0.9998197548666186,0.0001802451333813987,0.0,0.0
524,X,1309294,5547,0,0,1,0.9998197548666186,0.0,0.0,0.0001802451333813987
525,X,1309296,5547,1,0,0,0.9998197548666186,0.0001802451333813987,0.0,0.0
526,X,1309297,5546,0,2,0,0.9996395097332372,0.0,0.0003604902667627974,0.0
527,X,1309299,5545,0,1,0,0.9998196898665705,0.0,0.00018031013342949875,0.0
528,X,1309304,5543,3,1,1,0.999098774333093,0.0005407354001441961,0.0001802451333813987,0.0001802451333813987
529,X,1309305,5539,0,6,3,0.9983777937995674,0.0,0.0010814708002883922,0.0005407354001441961
530,X,1309308,5543,0,1,2,0.9994590695997115,0.0,0.00018031013342949875,0.0003606202668589975
531,X,1309309,5544,1,0,1,0.999639379733141,0.00018031013342949875,0.0,0.00018031013342949875
532,X,1309311,5541,4,1,0,0.9990984493328525,0.000721240533717995,0.00018031013342949875,0.0
533,X,1309314,5544,0,0,2,0.999639379733141,0.0,0.0,0.0003606202668589975
534,X,1309315,5545,1,0,0,0.9998196898665705,0.00018031013342949875,0.0,0.0
535,X,1309318,5517,2,27,0,0.9947710061305446,0.0003606202668589975,0.004868373602596466,0.0
536,X,1309324,5544,2,2,0,0.9992790194664743,0.0003604902667627974,0.0003604902667627974,0.0
537,X,1309326,5546,2,0,0,0.9996395097332372,0.0003604902667627974,0.0,0.0
538,X,1309329,5539,2,1,6,0.9983777937995674,0.0003604902667627974,0.0001802451333813987,0.0010814708002883922
539,X,1309333,5547,1,0,0,0.9998197548666186,0.0001802451333813987,0.0,0.0
540,X,1309335,5540,0,0,2,0.9996391194514616,0.0,0.0,0.00036088054853843375
541,X,1309338,5537,2,1,0,0.9994584837545126,0.00036101083032490973,0.00018050541516245486,0.0
542,X,1309345,5534,4,0,0,0.9992777175875768,0.0007222824124232575,0.0,0.0
543,X,1309348,5540,2,0,0,0.9996391194514616,0.00036088054853843375,0.0,0.0
544,X,1309363,5543,3,0,0,0.9994590695997115,0.0005409304002884963,0.0,0.0
545,X,1309366,5543,1,2,0,0.9994590695997115,0.00018031013342949875,0.0003606202668589975,0.0
546,X,1309393,5546,1,0,1,0.9996395097332372,0.0001802451333813987,0.0,0.0001802451333813987
547,X,1309404,5547,0,0,1,0.9998197548666186,0.0,0.0,0.0001802451333813987
548,X,1309413,5547,0,0,1,0.9998197548666186,0.0,0.0,0.0001802451333813987
549,X,1309431,5547,1,0,0,0.9998197548666186,0.0001802451333813987,0.0,0.0
550,X,1309434,5545,2,1,0,0.9994592645998558,0.0003604902667627974,0.0001802451333813987,0.0
551,X,1309440,5547,1,0,0,0.9998197548666186,0.0001802451333813987,0.0,0.0
552,X,1309441,5547,1,0,0,0.9998197548666186,0.0001802451333813987,0.0,0.0
553,X,1309444,5547,0,1,0,0.9998197548666186,0.0,0.0001802451333813987,0.0
554,X,1309446,5547,0,1,0,0.9998197548666186,0.0,0.0001802451333813987,0.0
555,X,1309447,5547,0,0,1,0.9998197548666186,0.0,0.0,0.0001802451333813987
556,X,1309449,5547,0,0,1,0.9998197548666186,0.0,0.0,0.0001802451333813987
557,X,1309453,5518,0,2,0,0.9996376811594203,0.0,0.00036231884057971015,0.0
558,X,1309461,5521,1,0,0,0.9998189061934082,0.00018109380659181456,0.0,0.0
559,X,1309486,5544,0,2,0,0.999639379733141,0.0,0.0003606202668589975,0.0
560,X,1309494,5545,2,1,0,0.9994592645998558,0.0003604902667627974,0.0001802451333813987,0.0
561,X,1309495,5538,0,10,0,0.998197548666186,0.0,0.001802451333813987,0.0
562,X,1309508,5545,1,0,0,0.9998196898665705,0.00018031013342949875,0.0,0.0
563,X,1309512,5542,1,0,3,0.999278759466282,0.00018031013342949875,0.0,0.0005409304002884963
564,X,1309513,5540,1,3,0,0.9992784992784993,0.00018037518037518038,0.0005411255411255411,0.0
565,X,1309515,5523,1,0,20,0.9962121212121212,0.00018037518037518038,0.0,0.0036075036075036075
566,X,1309519,5527,0,3,0,0.9994575045207956,0.0,0.00054249547920434,0.0
567,X,1309521,5522,0,2,4,0.9989146164978292,0.0,0.000361794500723589,0.000723589001447178
568,X,1309528,5486,0,8,0,0.9985438660356752,0.0,0.0014561339643247178,0.0
569,X,1309531,5489,0,0,59,0.9893655371304975,0.0,0.0,0.010634462869502523
570,X,1309533,5476,15,57,0,0.9870223503965393,0.0027036770007209804,0.010273972602739725,0.0
571,X,1309542,5522,4,0,0,0.9992761491132827,0.0007238508867173362,0.0,0.0
572,X,1309543,5525,0,0,1,0.9998190372783207,0.0,0.0,0.00018096272167933406
573,X,1309546,5546,0,1,1,0.9996395097332372,0.0,0.0001802451333813987,0.0001802451333813987
574,X,1309548,5531,1,0,16,0.9969358327325162,0.0001802451333813987,0.0,0.002883922134102379
575,X,1309555,5543,2,3,0,0.999098774333093,0.0003604902667627974,0.0005407354001441961,0.0
576,X,1309558,5542,2,4,0,0.9989185291997116,0.0003604902667627974,0.0007209805335255948,0.0
577,X,1309564,5541,5,2,0,0.9987382840663303,0.0009012256669069935,0.0003604902667627974,0.0
578,X,1309566,5478,1,64,5,0.9873828406633021,0.0001802451333813987,0.011535688536409516,0.0009012256669069935
579,X,1309570,5541,0,7,0,0.9987382840663303,0.0,0.0012617159336697908,0.0
580,X,1309571,5547,1,0,0,0.9998197548666186,0.0001802451333813987,0.0,0.0
581,X,1309575,5544,2,2,0,0.9992790194664743,0.0003604902667627974,0.0003604902667627974,0.0
582,X,1309579,5547,1,0,0,0.9998197548666186,0.0001802451333813987,0.0,0.0
583,X,1309582,5546,0,2,0,0.9996395097332372,0.0,0.0003604902667627974,0.0
584,X,1309590,5542,0,0,6,0.9989185291997116,0.0,0.0,0.0010814708002883922
585,X,1309593,5532,14,1,1,0.9971160778658976,0.0025234318673395817,0.0001802451333813987,0.0001802451333813987
586,X,1309602,5534,11,0,1,0.997836278398846,0.001983411467724486,0.0,0.00018031013342949875
587,X,1309608,5540,4,0,0,0.9992784992784993,0.0007215007215007215,0.0,0.0
588,X,1309611,5537,3,4,2,0.9983772087991345,0.0005409304002884963,0.000721240533717995,0.0003606202668589975
589,X,1309613,5518,29,0,1,0.994592645998558,0.005227108868060562,0.0,0.0001802451333813987
590,X,1309616,5545,0,2,1,0.9994592645998558,0.0,0.0003604902667627974,0.0001802451333813987
591,X,1309620,5546,1,1,0,0.9996395097332372,0.0001802451333813987,0.0001802451333813987,0.0
592,X,1309622,5540,1,7,0,0.9985580389329488,0.0001802451333813987,0.0012617159336697908,0.0
593,X,1309642,5534,1,13,0,0.9974765681326604,0.0001802451333813987,0.002343186733958183,0.0
594,X,1309680,5545,0,1,0,0.9998196898665705,0.0,0.00018031013342949875,0.0
595,X,1309717,5539,2,3,0,0.9990981240981242,0.00036075036075036075,0.0005411255411255411,0.0
596,X,1309732,5540,3,0,1,0.9992784992784993,0.0005411255411255411,0.0,0.00018037518037518038
597,X,1309743,5543,2,1,0,0.9994590695997115,0.0003606202668589975,0.00018031013342949875,0.0
598,X,1309746,5545,0,3,0,0.9994592645998558,0.0,0.0005407354001441961,0.0
599,X,1309747,5546,0,2,0,0.9996395097332372,0.0,0.0003604902667627974,0.0
600,X,1309749,5477,0,0,45,0.9918507787033684,0.0,0.0,0.008149221296631655
601,X,1309752,5521,0,1,0,0.9998189061934082,0.0,0.00018109380659181456,0.0
602,X,1309753,5521,0,1,0,0.9998189061934082,0.0,0.00018109380659181456,0.0
603,X,1309756,5510,0,12,0,0.9978268743208982,0.0,0.0021731256791017745,0.0
604,X,1309757,5519,2,1,0,0.9994567185802246,0.0003621876131836291,0.00018109380659181456,0.0
605,X,1309761,5546,0,2,0,0.9996395097332372,0.0,0.0003604902667627974,0.0
606,X,1309764,5542,2,4,0,0.9989185291997116,0.0003604902667627974,0.0007209805335255948,0.0
607,X,1309768,5545,0,1,0,0.9998196898665705,0.0,0.00018031013342949875,0.0
608,X,1309771,5547,1,0,0,0.9998197548666186,0.0001802451333813987,0.0,0.0
609,X,1309774,5547,0,1,0,0.9998197548666186,0.0,0.0001802451333813987,0.0
610,X,1309779,5543,0,5,0,0.999098774333093,0.0,0.0009012256669069935,0.0
611,X,1309780,5546,0,1,1,0.9996395097332372,0.0,0.0001802451333813987,0.0001802451333813987
612,X,1309782,5544,0,4,0,0.9992790194664743,0.0,0.0007209805335255948,0.0
613,X,1309787,5523,0,25,0,0.995493871665465,0.0,0.004506128334534967,0.0
614,X,1309792,5545,1,0,0,0.9998196898665705,0.00018031013342949875,0.0,0.0
615,X,1309794,5545,1,0,0,0.9998196898665705,0.00018031013342949875,0.0,0.0
616,X,1309810,5540,2,2,0,0.9992784992784993,0.00036075036075036075,0.00036075036075036075,0.0
617,X,1309812,5545,1,0,0,0.9998196898665705,0.00018031013342949875,0.0,0.0
618,X,1309813,5545,0,1,0,0.9998196898665705,0.0,0.00018031013342949875,0.0
619,X,1309815,5542,3,0,1,0.999278759466282,0.0005409304002884963,0.0,0.00018031013342949875
620,X,1309818,5535,0,1,4,0.9990974729241877,0.0,0.00018050541516245486,0.0007220216606498195
621,X,1309819,5538,1,1,0,0.9996389891696751,0.00018050541516245486,0.00018050541516245486,0.0
622,X,1309824,5547,1,0,0,0.9998197548666186,0.0001802451333813987,0.0,0.0
623,X,1309825,5546,0,0,2,0.9996395097332372,0.0,0.0,0.0003604902667627974
624,X,1309827,5547,1,0,0,0.9998197548666186,0.0001802451333813987,0.0,0.0
625,X,1309828,5546,0,2,0,0.9996395097332372,0.0,0.0003604902667627974,0.0
626,X,1309834,5547,0,1,0,0.9998197548666186,0.0,0.0001802451333813987,0.0
627,X,1309836,5546,0,1,1,0.9996395097332372,0.0,0.0001802451333813987,0.0001802451333813987
628,X,1309855,5547,0,0,1,0.9998197548666186,0.0,0.0,0.0001802451333813987
629,X,1309857,5547,1,0,0,0.9998197548666186,0.0001802451333813987,0.0,0.0
630,X,1309864,5546,0,2,0,0.9996395097332372,0.0,0.0003604902667627974,0.0
631,X,1309869,5547,0,0,1,0.9998197548666186,0.0,0.0,0.0001802451333813987
632,X,1309871,5547,1,0,0,0.9998197548666186,0.0001802451333813987,0.0,0.0
633,X,1309872,5547,0,0,1,0.9998197548666186,0.0,0.0,0.0001802451333813987
634,X,1309873,5547,1,0,0,0.9998197548666186,0.0001802451333813987,0.0,0.0
635,X,1309879,5545,0,3,0,0.9994592645998558,0.0,0.0005407354001441961,0.0
636,X,1309882,5543,5,0,0,0.999098774333093,0.0009012256669069935,0.0,0.0
637,X,1309890,5546,0,2,0,0.9996395097332372,0.0,0.0003604902667627974,0.0
638,X,1309905,5547,1,0,0,0.9998197548666186,0.0001802451333813987,0.0,0.0
639,X,1309906,5547,0,1,0,0.9998197548666186,0.0,0.0001802451333813987,0.0
640,X,1309907,5547,1,0,0,0.9998197548666186,0.0001802451333813987,0.0,0.0
641,X,1309909,5545,0,0,1,0.9998196898665705,0.0,0.0,0.00018031013342949875
642,X,1309911,5547,1,0,0,0.9998197548666186,0.0001802451333813987,0.0,0.0
643,X,1309914,5547,1,0,0,0.9998197548666186,0.0001802451333813987,0.0,0.0
644,X,1309917,5547,0,1,0,0.9998197548666186,0.0,0.0001802451333813987,0.0
645,X,1309928,5547,0,1,0,0.9998197548666186,0.0,0.0001802451333813987,0.0
646,X,1317179,5545,2,1,0,0.9994592645998558,0.0003604902667627974,0.0001802451333813987,0.0
647,X,1317182,5546,0,1,1,0.9996395097332372,0.0,0.0001802451333813987,0.0001802451333813987
648,X,1317183,5547,1,0,0,0.9998197548666186,0.0001802451333813987,0.0,0.0
649,X,1317188,5547,1,0,0,0.9998197548666186,0.0001802451333813987,0.0,0.0
650,X,1317190,5544,1,0,1,0.999639379733141,0.00018031013342949875,0.0,0.00018031013342949875
651,X,1317191,5547,1,0,0,0.9998197548666186,0.0001802451333813987,0.0,0.0
652,X,1317194,5547,1,0,0,0.9998197548666186,0.0001802451333813987,0.0,0.0
653,X,1317197,5546,1,1,0,0.9996395097332372,0.0001802451333813987,0.0001802451333813987,0.0
654,X,1317208,5547,0,0,1,0.9998197548666186,0.0,0.0,0.0001802451333813987
655,X,1317211,5547,0,0,1,0.9998197548666186,0.0,0.0,0.0001802451333813987
656,X,1317215,5545,2,1,0,0.9994592645998558,0.0003604902667627974,0.0001802451333813987,0.0
657,X,1317220,5546,0,2,0,0.9996395097332372,0.0,0.0003604902667627974,0.0
658,X,1317226,5547,1,0,0,0.9998197548666186,0.0001802451333813987,0.0,0.0
659,X,1317227,5547,0,1,0,0.9998197548666186,0.0,0.0001802451333813987,0.0
660,X,1317239,5546,0,0,2,0.9996395097332372,0.0,0.0,0.0003604902667627974
661,X,1317242,5547,1,0,0,0.9998197548666186,0.0001802451333813987,0.0,0.0
662,X,1317244,5544,3,1,0,0.9992790194664743,0.0005407354001441961,0.0001802451333813987,0.0
663,X,1317246,5544,0,1,3,0.9992790194664743,0.0,0.0001802451333813987,0.0005407354001441961
664,X,1317250,5542,0,4,2,0.9989185291997116,0.0,0.0007209805335255948,0.0003604902667627974
665,X,1317251,5547,0,1,0,0.9998197548666186,0.0,0.0001802451333813987,0.0
666,X,1317254,5546,1,1,0,0.9996395097332372,0.0001802451333813987,0.0001802451333813987,0.0
667,X,1317256,5547,0,1,0,0.9998197548666186,0.0,0.0001802451333813987,0.0
668,X,1317259,5547,1,0,0,0.9998197548666186,0.0001802451333813987,0.0,0.0
669,X,1317262,5547,0,0,1,0.9998197548666186,0.0,0.0,0.0001802451333813987
670,X,1317263,5547,0,1,0,0.9998197548666186,0.0,0.0001802451333813987,0.0
671,X,1317266,5547,0,1,0,0.9998197548666186,0.0,0.0001802451333813987,0.0
672,X,1317270,5547,0,0,1,0.9998197548666186,0.0,0.0,0.0001802451333813987
673,X,1317273,5547,1,0,0,0.9998197548666186,0.0001802451333813987,0.0,0.0
674,X,1317274,5547,1,0,0,0.9998197548666186,0.0001802451333813987,0.0,0.0
675,X,1317277,5547,0,0,1,0.9998197548666186,0.0,0.0,0.0001802451333813987
676,X,1317284,5523,0,25,0,0.995493871665465,0.0,0.004506128334534967,0.0
677,X,1317288,5546,0,2,0,0.9996395097332372,0.0,0.0003604902667627974,0.0
678,X,1317293,5547,0,0,1,0.9998197548666186,0.0,0.0,0.0001802451333813987
679,X,1317298,5547,1,0,0,0.9998197548666186,0.0001802451333813987,0.0,0.0
680,X,1317302,5545,3,0,0,0.9994592645998558,0.0005407354001441961,0.0,0.0
681,X,1318044,5547,0,1,0,0.9998197548666186,0.0,0.0001802451333813987,0.0
682,X,1318045,5547,1,0,0,0.9998197548666186,0.0001802451333813987,0.0,0.0
683,X,1318047,5547,0,1,0,0.9998197548666186,0.0,0.0001802451333813987,0.0
684,X,1318052,5545,0,1,2,0.9994592645998558,0.0,0.0001802451333813987,0.0003604902667627974
685,X,1318056,5547,1,0,0,0.9998197548666186,0.0001802451333813987,0.0,0.0
686,X,1318059,5546,0,2,0,0.9996395097332372,0.0,0.0003604902667627974,0.0
687,X,1318060,5547,1,0,0,0.9998197548666186,0.0001802451333813987,0.0,0.0
688,X,1318062,5546,1,0,1,0.9996395097332372,0.0001802451333813987,0.0,0.0001802451333813987
689,X,1318071,5546,0,2,0,0.9996395097332372,0.0,0.0003604902667627974,0.0
690,X,1318072,5547,0,0,1,0.9998197548666186,0.0,0.0,0.0001802451333813987
691,X,1318077,5547,0,1,0,0.9998197548666186,0.0,0.0001802451333813987,0.0
692,X,1318080,5547,0,1,0,0.9998197548666186,0.0,0.0001802451333813987,0.0
693,X,1318083,5545,3,0,0,0.9994592645998558,0.0005407354001441961,0.0,0.0
694,X,1318084,5547,1,0,0,0.9998197548666186,0.0001802451333813987,0.0,0.0
695,X,1318089,5546,0,1,1,0.9996395097332372,0.0,0.0001802451333813987,0.0001802451333813987
696,X,1318095,5547,1,0,0,0.9998197548666186,0.0001802451333813987,0.0,0.0
697,X,1318098,5545,1,2,0,0.9994592645998558,0.0001802451333813987,0.0003604902667627974,0.0
698,X,1318101,5547,1,0,0,0.9998197548666186,0.0001802451333813987,0.0,0.0
699,X,1318105,5546,0,0,2,0.9996395097332372,0.0,0.0,0.0003604902667627974
700,X,1318106,5545,3,0,0,0.9994592645998558,0.0005407354001441961,0.0,0.0
701,X,1318109,5547,1,0,0,0.9998197548666186,0.0001802451333813987,0.0,0.0
702,X,1318110,5547,0,1,0,0.9998197548666186,0.0,0.0001802451333813987,0.0
703,X,1318111,5546,0,0,2,0.9996395097332372,0.0,0.0,0.0003604902667627974
704,X,1318112,5546,1,0,1,0.9996395097332372,0.0001802451333813987,0.0,0.0001802451333813987
705,X,1318116,5545,1,2,0,0.9994592645998558,0.0001802451333813987,0.0003604902667627974,0.0
706,X,1318117,5544,4,0,0,0.9992790194664743,0.0007209805335255948,0.0,0.0
707,X,1318123,5546,1,0,1,0.9996395097332372,0.0001802451333813987,0.0,0.0001802451333813987
708,X,1318126,5546,1,0,1,0.9996395097332372,0.0001802451333813987,0.0,0.0001802451333813987
709,X,1318127,5546,0,2,0,0.9996395097332372,0.0,0.0003604902667627974,0.0
710,X,1318128,5547,1,0,0,0.9998197548666186,0.0001802451333813987,0.0,0.0
711,X,1318135,5547,0,1,0,0.9998197548666186,0.0,0.0001802451333813987,0.0
712,X,1318138,5544,2,0,0,0.999639379733141,0.0003606202668589975,0.0,0.0
713,X,1323513,5546,0,1,1,0.9996395097332372,0.0,0.0001802451333813987,0.0001802451333813987
714,X,1323514,5547,1,0,0,0.9998197548666186,0.0001802451333813987,0.0,0.0
715,X,1323518,5545,0,2,1,0.9994592645998558,0.0,0.0003604902667627974,0.0001802451333813987
716,X,1323531,5546,0,1,1,0.9996395097332372,0.0,0.0001802451333813987,0.0001802451333813987
717,X,1323537,5546,0,2,0,0.9996395097332372,0.0,0.0003604902667627974,0.0
718,X,1323538,5546,1,0,1,0.9996395097332372,0.0001802451333813987,0.0,0.0001802451333813987
719,X,1323540,5545,3,0,0,0.9994592645998558,0.0005407354001441961,0.0,0.0
720,X,1323541,5547,0,1,0,0.9998197548666186,0.0,0.0001802451333813987,0.0
721,X,1323543,5547,1,0,0,0.9998197548666186,0.0001802451333813987,0.0,0.0
722,X,1323544,5547,0,1,0,0.9998197548666186,0.0,0.0001802451333813987,0.0
723,X,1323552,5547,0,0,1,0.9998197548666186,0.0,0.0,0.0001802451333813987
724,X,1323555,5545,0,2,1,0.9994592645998558,0.0,0.0003604902667627974,0.0001802451333813987
725,X,1323556,5545,2,0,1,0.9994592645998558,0.0003604902667627974,0.0,0.0001802451333813987
726,X,1323558,5546,1,1,0,0.9996395097332372,0.0001802451333813987,0.0001802451333813987,0.0
727,X,1323559,5543,3,1,1,0.999098774333093,0.0005407354001441961,0.0001802451333813987,0.0001802451333813987
728,X,1323561,5547,0,0,1,0.9998197548666186,0.0,0.0,0.0001802451333813987
729,X,1323565,5547,0,1,0,0.9998197548666186,0.0,0.0001802451333813987,0.0
730,X,1323571,5542,2,4,0,0.9989185291997116,0.0003604902667627974,0.0007209805335255948,0.0
731,X,1323572,5542,5,0,1,0.9989185291997116,0.0009012256669069935,0.0,0.0001802451333813987
732,X,1323573,5546,0,1,1,0.9996395097332372,0.0,0.0001802451333813987,0.0001802451333813987
733,X,1323580,5541,0,0,1,0.9998195597257308,0.0,0.0,0.00018044027426921688
734,X,1323582,5541,1,0,0,0.9998195597257308,0.00018044027426921688,0.0,0.0
735,X,1323586,5540,2,0,0,0.9996391194514616,0.00036088054853843375,0.0,0.0
736,X,1323588,5538,4,0,0,0.9992782389029231,0.0007217610970768675,0.0,0.0
737,X,1323592,5511,34,0,3,0.9933309300648883,0.0061283345349675555,0.0,0.0005407354001441961
738,X,1323594,5546,1,0,1,0.9996395097332372,0.0001802451333813987,0.0,0.0001802451333813987
739,X,1323595,5545,3,0,0,0.9994592645998558,0.0005407354001441961,0.0,0.0
740,X,1323598,5547,1,0,0,0.9998197548666186,0.0001802451333813987,0.0,0.0
741,X,1323601,5547,0,1,0,0.9998197548666186,0.0,0.0001802451333813987,0.0
742,X,1323603,5538,1,1,2,0.9992782389029231,0.00018044027426921688,0.00018044027426921688,0.00036088054853843375
743,X,1323604,5546,1,0,1,0.9996395097332372,0.0001802451333813987,0.0,0.0001802451333813987
744,X,1323606,5546,2,0,0,0.9996395097332372,0.0003604902667627974,0.0,0.0
745,X,1323609,5545,3,0,0,0.9994592645998558,0.0005407354001441961,0.0,0.0
746,X,1323610,5547,1,0,0,0.9998197548666186,0.0001802451333813987,0.0,0.0
747,X,1323612,5547,0,1,0,0.9998197548666186,0.0,0.0001802451333813987,0.0
748,X,1323614,5545,2,1,0,0.9994592645998558,0.0003604902667627974,0.0001802451333813987,0.0
749,X,1323620,5543,1,4,0,0.999098774333093,0.0001802451333813987,0.0007209805335255948,0.0
750,X,1323622,5547,0,1,0,0.9998197548666186,0.0,0.0001802451333813987,0.0
751,X,1323627,5546,1,0,1,0.9996395097332372,0.0001802451333813987,0.0,0.0001802451333813987
752,X,1323629,5545,2,0,1,0.9994592645998558,0.0003604902667627974,0.0,0.0001802451333813987
753,X,1323639,5547,0,1,0,0.9998197548666186,0.0,0.0001802451333813987,0.0
754,X,1323640,5546,1,0,1,0.9996395097332372,0.0001802451333813987,0.0,0.0001802451333813987
755,X,1323651,5547,0,0,1,0.9998197548666186,0.0,0.0,0.0001802451333813987
756,X,1323652,5543,0,1,4,0.999098774333093,0.0,0.0001802451333813987,0.0007209805335255948
757,X,1323654,5547,0,0,1,0.9998197548666186,0.0,0.0,0.0001802451333813987
758,X,1323657,5546,0,1,1,0.9996395097332372,0.0,0.0001802451333813987,0.0001802451333813987
759,X,1323662,5547,0,0,1,0.9998197548666186,0.0,0.0,0.0001802451333813987
760,X,1323796,5547,1,0,0,0.9998197548666186,0.0001802451333813987,0.0,0.0
761,X,1323797,5547,0,0,1,0.9998197548666186,0.0,0.0,0.0001802451333813987
762,X,1323808,5547,1,0,0,0.9998197548666186,0.0001802451333813987,0.0,0.0
763,X,1323811,5547,1,0,0,0.9998197548666186,0.0001802451333813987,0.0,0.0
764,X,1323812,5546,2,0,0,0.9996395097332372,0.0003604902667627974,0.0,0.0
765,X,1323814,5547,1,0,0,0.9998197548666186,0.0001802451333813987,0.0,0.0
766,X,1323817,5546,2,0,0,0.9996395097332372,0.0003604902667627974,0.0,0.0
767,X,1323821,5544,0,2,0,0.999639379733141,0.0,0.0003606202668589975,0.0
768,X,1323822,5542,1,0,1,0.9996392496392497,0.00018037518037518038,0.0,0.00018037518037518038
769,X,1323825,5543,2,1,0,0.9994590695997115,0.0003606202668589975,0.00018031013342949875,0.0
770,X,1323826,5545,0,1,0,0.9998196898665705,0.0,0.00018031013342949875,0.0
771,X,1323829,5545,0,0,1,0.9998196898665705,0.0,0.0,0.00018031013342949875
772,X,1323830,5541,4,1,0,0.9990984493328525,0.000721240533717995,0.00018031013342949875,0.0
773,X,1323832,5545,0,1,0,0.9998196898665705,0.0,0.00018031013342949875,0.0
774,X,1323835,5546,2,0,0,0.9996395097332372,0.0003604902667627974,0.0,0.0
775,X,1323839,5547,0,1,0,0.9998197548666186,0.0,0.0001802451333813987,0.0
776,X,1323841,5547,1,0,0,0.9998197548666186,0.0001802451333813987,0.0,0.0
777,X,1323845,5539,9,0,0,0.9983777937995674,0.0016222062004325882,0.0,0.0
778,X,1323851,5546,2,0,0,0.9996395097332372,0.0003604902667627974,0.0,0.0
779,X,1323856,5547,1,0,0,0.9998197548666186,0.0001802451333813987,0.0,0.0
780,X,1323857,5546,1,1,0,0.9996395097332372,0.0001802451333813987,0.0001802451333813987,0.0
781,X,1323859,5547,0,0,1,0.9998197548666186,0.0,0.0,0.0001802451333813987
782,X,1323865,5539,9,0,0,0.9983777937995674,0.0016222062004325882,0.0,0.0
783,X,1323868,5547,0,0,1,0.9998197548666186,0.0,0.0,0.0001802451333813987
784,X,1323869,5547,0,1,0,0.9998197548666186,0.0,0.0001802451333813987,0.0
785,X,1323870,5547,0,1,0,0.9998197548666186,0.0,0.0001802451333813987,0.0
786,X,1323872,5546,2,0,0,0.9996395097332372,0.0003604902667627974,0.0,0.0
787,X,1323874,5547,0,1,0,0.9998197548666186,0.0,0.0001802451333813987,0.0
788,X,1323877,5546,0,2,0,0.9996395097332372,0.0,0.0003604902667627974,0.0
789,X,1323885,5546,0,1,1,0.9996395097332372,0.0,0.0001802451333813987,0.0001802451333813987
790,X,1323886,5547,0,0,1,0.9998197548666186,0.0,0.0,0.0001802451333813987
791,X,1323887,5547,0,1,0,0.9998197548666186,0.0,0.0001802451333813987,0.0
792,X,1323890,5547,1,0,0,0.9998197548666186,0.0001802451333813987,0.0,0.0
793,X,1323891,5544,4,0,0,0.9992790194664743,0.0007209805335255948,0.0,0.0
794,X,1323896,5547,0,1,0,0.9998197548666186,0.0,0.0001802451333813987,0.0
795,X,1323901,5546,0,0,2,0.9996395097332372,0.0,0.0,0.0003604902667627974
796,X,1323902,5547,1,0,0,0.9998197548666186,0.0001802451333813987,0.0,0.0
797,X,1323906,5546,1,1,0,0.9996395097332372,0.0001802451333813987,0.0001802451333813987,0.0
798,X,1323908,5546,0,1,1,0.9996395097332372,0.0,0.0001802451333813987,0.0001802451333813987
799,X,1323915,5538,1,9,0,0.998197548666186,0.0001802451333813987,0.0016222062004325882,0.0
800,X,1323916,5547,0,1,0,0.9998197548666186,0.0,0.0001802451333813987,0.0
801,X,1323919,5546,2,0,0,0.9996395097332372,0.0003604902667627974,0.0,0.0
802,X,1323920,5547,1,0,0,0.9998197548666186,0.0001802451333813987,0.0,0.0
803,X,1323922,5544,2,1,1,0.9992790194664743,0.0003604902667627974,0.0001802451333813987,0.0001802451333813987
804,X,1323923,5545,1,1,1,0.9994592645998558,0.0001802451333813987,0.0001802451333813987,0.0001802451333813987
805,X,1323929,5547,0,0,1,0.9998197548666186,0.0,0.0,0.0001802451333813987
806,X,1323931,5547,0,0,1,0.9998197548666186,0.0,0.0,0.0001802451333813987
807,X,1323932,5547,1,0,0,0.9998197548666186,0.0001802451333813987,0.0,0.0
808,X,1323935,5547,1,0,0,0.9998197548666186,0.0001802451333813987,0.0,0.0
809,X,1323936,5067,8,468,5,0.9133020908435472,0.0014419610670511895,0.08435472242249459,0.0009012256669069935
810,X,1323939,5540,7,0,1,0.9985580389329488,0.0012617159336697908,0.0,0.0001802451333813987
811,X,1323941,5546,0,2,0,0.9996395097332372,0.0,0.0003604902667627974,0.0
812,X,1323949,5547,0,0,1,0.9998197548666186,0.0,0.0,0.0001802451333813987
813,X,1323950,5546,0,2,0,0.9996395097332372,0.0,0.0003604902667627974,0.0
814,X,1323955,5547,0,0,1,0.9998197548666186,0.0,0.0,0.0001802451333813987
815,X,1323957,5545,1,2,0,0.9994592645998558,0.0001802451333813987,0.0003604902667627974,0.0
816,X,1323965,5546,1,1,0,0.9996395097332372,0.0001802451333813987,0.0001802451333813987,0.0
817,X,1323975,5546,1,1,0,0.9996395097332372,0.0001802451333813987,0.0001802451333813987,0.0
818,X,1323976,5547,0,0,1,0.9998197548666186,0.0,0.0,0.0001802451333813987
819,X,1323982,5547,1,0,0,0.9998197548666186,0.0001802451333813987,0.0,0.0
820,X,1323985,5546,2,0,0,0.9996395097332372,0.0003604902667627974,0.0,0.0
821,X,1323989,5546,1,0,1,0.9996395097332372,0.0001802451333813987,0.0,0.0001802451333813987
822,X,1323990,5545,1,2,0,0.9994592645998558,0.0001802451333813987,0.0003604902667627974,0.0
823,X,1323991,5546,0,1,1,0.9996395097332372,0.0,0.0001802451333813987,0.0001802451333813987
824,X,1323992,5545,2,0,1,0.9994592645998558,0.0003604902667627974,0.0,0.0001802451333813987
825,X,1323995,5546,1,1,0,0.9996395097332372,0.0001802451333813987,0.0001802451333813987,0.0
826,X,1324000,5544,1,1,2,0.9992790194664743,0.0001802451333813987,0.0001802451333813987,0.0003604902667627974
827,X,1324004,5546,0,2,0,0.9996395097332372,0.0,0.0003604902667627974,0.0
828,X,1324006,5543,2,1,0,0.9994590695997115,0.0003606202668589975,0.00018031013342949875,0.0
829,X,1324007,5544,1,1,0,0.999639379733141,0.00018031013342949875,0.00018031013342949875,0.0
830,X,1324009,5547,0,0,1,0.9998197548666186,0.0,0.0,0.0001802451333813987
831,X,1324010,5547,0,1,0,0.9998197548666186,0.0,0.0001802451333813987,0.0
832,X,1324012,5538,2,4,0,0.9989177489177489,0.00036075036075036075,0.0007215007215007215,0.0
833,X,1324013,5540,1,3,0,0.9992784992784993,0.00018037518037518038,0.0005411255411255411,0.0
834,X,1324060,5544,2,0,0,0.999639379733141,0.0003606202668589975,0.0,0.0
835,X,1324061,5545,0,1,0,0.9998196898665705,0.0,0.00018031013342949875,0.0
836,X,1324075,5547,1,0,0,0.9998197548666186,0.0001802451333813987,0.0,0.0
837,X,1324079,5547,0,0,1,0.9998197548666186,0.0,0.0,0.0001802451333813987
838,X,1324082,5547,1,0,0,0.9998197548666186,0.0001802451333813987,0.0,0.0
839,X,1324086,5475,72,1,0,0.9868421052631579,0.012977649603460706,0.0001802451333813987,0.0
840,X,1324090,5547,0,0,1,0.9998197548666186,0.0,0.0,0.0001802451333813987
841,X,1324091,5547,0,0,1,0.9998197548666186,0.0,0.0,0.0001802451333813987
842,X,1324093,5544,3,1,0,0.9992790194664743,0.0005407354001441961,0.0001802451333813987,0.0
843,X,1324094,5545,1,0,2,0.9994592645998558,0.0001802451333813987,0.0,0.0003604902667627974
844,X,1324095,5545,0,0,3,0.9994592645998558,0.0,0.0,0.0005407354001441961
845,X,1324099,5498,50,0,0,0.9909877433309301,0.009012256669069935,0.0,0.0
846,X,1324100,5545,0,2,1,0.9994592645998558,0.0,0.0003604902667627974,0.0001802451333813987
847,X,1324103,5537,9,0,0,0.9983772087991345,0.0016227912008654887,0.0,0.0
848,X,1324104,5542,1,0,1,0.9996392496392497,0.00018037518037518038,0.0,0.00018037518037518038
849,X,1324105,5497,0,0,1,0.9998181156784285,0.0,0.0,0.00018188432157148054
850,X,1324106,5496,0,0,2,0.9996362313568571,0.0,0.0,0.0003637686431429611
851,X,1324111,5542,2,0,0,0.9996392496392497,0.00036075036075036075,0.0,0.0
852,X,1324112,5534,0,0,8,0.9985564778058462,0.0,0.0,0.001443522194153735
853,X,1324121,5539,0,3,0,0.9994586791771923,0.0,0.0005413208228076507,0.0
854,X,1324123,5541,1,0,0,0.9998195597257308,0.00018044027426921688,0.0,0.0
855,X,1324124,5538,6,0,0,0.9989177489177489,0.0010822510822510823,0.0,0.0
856,X,1324126,5545,0,0,1,0.9998196898665705,0.0,0.0,0.00018031013342949875
857,X,1324127,5545,1,0,0,0.9998196898665705,0.00018031013342949875,0.0,0.0
858,X,1324130,5545,0,0,1,0.9998196898665705,0.0,0.0,0.00018031013342949875
859,X,1324133,5545,0,0,1,0.9998196898665705,0.0,0.0,0.00018031013342949875
860,X,1324136,5542,0,1,3,0.999278759466282,0.0,0.00018031013342949875,0.0005409304002884963
861,X,1324141,5545,0,1,0,0.9998196898665705,0.0,0.00018031013342949875,0.0
862,X,1324147,5547,0,0,1,0.9998197548666186,0.0,0.0,0.0001802451333813987
863,X,1324148,5546,0,0,2,0.9996395097332372,0.0,0.0,0.0003604902667627974
864,X,1324150,5546,2,0,0,0.9996395097332372,0.0003604902667627974,0.0,0.0
865,X,1324153,5547,1,0,0,0.9998197548666186,0.0001802451333813987,0.0,0.0
866,X,1324154,5547,0,0,1,0.9998197548666186,0.0,0.0,0.0001802451333813987
867,X,1324156,5541,4,0,3,0.9987382840663303,0.0007209805335255948,0.0,0.0005407354001441961
868,X,1324169,5544,0,0,2,0.999639379733141,0.0,0.0,0.0003606202668589975
869,X,1324174,5544,2,0,0,0.999639379733141,0.0003606202668589975,0.0,0.0
870,X,1324176,5539,5,1,1,0.9987378290659935,0.0009015506671474937,0.00018031013342949875,0.00018031013342949875
871,X,1324178,5545,0,0,1,0.9998196898665705,0.0,0.0,0.00018031013342949875
872,X,1324180,5543,2,0,1,0.9994590695997115,0.0003606202668589975,0.0,0.00018031013342949875
873,X,1324188,5534,1,2,1,0.9992777175875768,0.00018057060310581438,0.00036114120621162876,0.00018057060310581438
874,X,1324195,5543,0,1,0,0.9998196248196248,0.0,0.00018037518037518038,0.0
875,X,1324199,5543,0,1,0,0.9998196248196248,0.0,0.00018037518037518038,0.0
876,X,1324202,5541,1,0,0,0.9998195597257308,0.00018044027426921688,0.0,0.0
877,X,1324204,5543,1,0,0,0.9998196248196248,0.00018037518037518038,0.0,0.0
878,X,1324207,5541,0,0,1,0.9998195597257308,0.0,0.0,0.00018044027426921688
879,X,1324210,5543,0,0,1,0.9998196248196248,0.0,0.0,0.00018037518037518038
880,X,1324211,5547,0,1,0,0.9998197548666186,0.0,0.0001802451333813987,0.0
881,X,1324213,5544,0,0,2,0.999639379733141,0.0,0.0,0.0003606202668589975
882,X,1324220,5542,3,0,1,0.999278759466282,0.0005409304002884963,0.0,0.00018031013342949875
883,X,1324222,5545,0,0,1,0.9998196898665705,0.0,0.0,0.00018031013342949875
884,X,1324223,5544,0,0,2,0.999639379733141,0.0,0.0,0.0003606202668589975
885,X,1324226,5545,1,0,0,0.9998196898665705,0.00018031013342949875,0.0,0.0
886,X,1324230,5539,1,6,0,0.9987378290659935,0.00018031013342949875,0.0010818608005769925,0.0
887,X,1324240,5547,0,1,0,0.9998197548666186,0.0,0.0001802451333813987,0.0
888,X,1324244,5547,0,0,1,0.9998197548666186,0.0,0.0,0.0001802451333813987
889,X,1324247,5537,11,0,0,0.9980173035328046,0.0019826964671953856,0.0,0.0
890,X,1324249,5547,1,0,0,0.9998197548666186,0.0001802451333813987,0.0,0.0
891,X,1324251,5541,1,0,6,0.9987382840663303,0.0001802451333813987,0.0,0.0010814708002883922
892,X,1324256,5546,1,0,1,0.9996395097332372,0.0001802451333813987,0.0,0.0001802451333813987
893,X,1324259,5544,1,0,3,0.9992790194664743,0.0001802451333813987,0.0,0.0005407354001441961
894,X,1324279,5542,0,0,2,0.9996392496392497,0.0,0.0,0.00036075036075036075
895,X,1324280,5545,0,0,1,0.9998196898665705,0.0,0.0,0.00018031013342949875
896,X,1324288,5542,1,0,1,0.9996392496392497,0.00018037518037518038,0.0,0.00018037518037518038
897,X,1324290,5485,28,0,1,0.994740660137831,0.005077983315197679,0.0,0.00018135654697134566
898,X,1324294,5527,0,0,1,0.9998191027496383,0.0,0.0,0.0001808972503617945
899,X,1324306,5542,0,4,0,0.999278759466282,0.0,0.000721240533717995,0.0
900,X,1324312,5544,0,4,0,0.9992790194664743,0.0,0.0007209805335255948,0.0
901,X,1324313,5543,0,1,0,0.9998196248196248,0.0,0.00018037518037518038,0.0
902,X,1324321,5430,0,4,0,0.9992638940007361,0.0,0.000736105999263894,0.0
903,X,1324322,5547,0,0,1,0.9998197548666186,0.0,0.0,0.0001802451333813987
904,X,1324331,5537,0,0,1,0.9998194293968942,0.0,0.0,0.00018057060310581438
905,X,1324337,5546,0,0,2,0.9996395097332372,0.0,0.0,0.0003604902667627974
906,X,1324345,5545,1,2,0,0.9994592645998558,0.0001802451333813987,0.0003604902667627974,0.0
907,X,1324351,5546,2,0,0,0.9996395097332372,0.0003604902667627974,0.0,0.0
908,X,1324352,5546,0,2,0,0.9996395097332372,0.0,0.0003604902667627974,0.0
909,X,1324363,5546,2,0,0,0.9996395097332372,0.0003604902667627974,0.0,0.0
910,X,1324369,5547,1,0,0,0.9998197548666186,0.0001802451333813987,0.0,0.0
911,X,1324370,5533,15,0,0,0.9972963229992791,0.0027036770007209804,0.0,0.0
912,X,1324371,5546,2,0,0,0.9996395097332372,0.0003604902667627974,0.0,0.0
913,X,1324372,5546,0,1,1,0.9996395097332372,0.0,0.0001802451333813987,0.0001802451333813987
914,X,1324376,5543,0,1,0,0.9998196248196248,0.0,0.00018037518037518038,0.0
915,X,1324378,5543,0,1,0,0.9998196248196248,0.0,0.00018037518037518038,0.0
916,X,1324381,5542,2,0,0,0.9996392496392497,0.00036075036075036075,0.0,0.0
917,X,1324383,5544,0,0,4,0.9992790194664743,0.0,0.0,0.0007209805335255948
918,X,1324385,5546,0,1,1,0.9996395097332372,0.0,0.0001802451333813987,0.0001802451333813987
919,X,1324387,5547,0,1,0,0.9998197548666186,0.0,0.0001802451333813987,0.0
920,X,1324391,5547,0,0,1,0.9998197548666186,0.0,0.0,0.0001802451333813987
921,X,1324393,5546,0,2,0,0.9996395097332372,0.0,0.0003604902667627974,0.0
922,X,1324394,5546,2,0,0,0.9996395097332372,0.0003604902667627974,0.0,0.0
923,X,1324395,5543,1,4,0,0.999098774333093,0.0001802451333813987,0.0007209805335255948,0.0
924,X,1324405,5544,1,0,3,0.9992790194664743,0.0001802451333813987,0.0,0.0005407354001441961
925,X,1324406,5537,7,0,4,0.9980173035328046,0.0012617159336697908,0.0,0.0007209805335255948
926,X,1324408,5547,0,1,0,0.9998197548666186,0.0,0.0001802451333813987,0.0
927,X,1324410,5544,3,0,1,0.9992790194664743,0.0005407354001441961,0.0,0.0001802451333813987
928,X,1324411,5547,0,1,0,0.9998197548666186,0.0,0.0001802451333813987,0.0
929,X,1324413,5542,4,0,2,0.9989185291997116,0.0007209805335255948,0.0,0.0003604902667627974
930,X,1324415,5547,0,0,1,0.9998197548666186,0.0,0.0,0.0001802451333813987
931,X,1324417,5545,3,0,0,0.9994592645998558,0.0005407354001441961,0.0,0.0
932,X,1324419,5546,0,1,1,0.9996395097332372,0.0,0.0001802451333813987,0.0001802451333813987
933,X,1324423,5546,1,0,1,0.9996395097332372,0.0001802451333813987,0.0,0.0001802451333813987
934,X,1324426,5547,1,0,0,0.9998197548666186,0.0001802451333813987,0.0,0.0
935,X,1324427,5547,0,0,1,0.9998197548666186,0.0,0.0,0.0001802451333813987
936,X,1324432,5546,0,2,0,0.9996395097332372,0.0,0.0003604902667627974,0.0
937,X,1324433,5547,0,1,0,0.9998197548666186,0.0,0.0001802451333813987,0.0
938,X,1324436,5547,1,0,0,0.9998197548666186,0.0001802451333813987,0.0,0.0
939,X,1324444,5547,1,0,0,0.9998197548666186,0.0001802451333813987,0.0,0.0
940,X,1324445,5547,0,0,1,0.9998197548666186,0.0,0.0,0.0001802451333813987
941,X,1324450,5547,0,1,0,0.9998197548666186,0.0,0.0001802451333813987,0.0
942,X,1324459,5547,0,1,0,0.9998197548666186,0.0,0.0001802451333813987,0.0
943,X,1324460,5547,1,0,0,0.9998197548666186,0.0001802451333813987,0.0,0.0
944,X,1324462,5547,0,1,0,0.9998197548666186,0.0,0.0001802451333813987,0.0
945,X,1324557,5545,0,1,0,0.9998196898665705,0.0,0.00018031013342949875,0.0
946,X,1324563,5547,1,0,0,0.9998197548666186,0.0001802451333813987,0.0,0.0
947,X,1324570,5547,0,1,0,0.9998197548666186,0.0,0.0001802451333813987,0.0
948,X,1324578,5547,0,0,1,0.9998197548666186,0.0,0.0,0.0001802451333813987
949,X,1324579,5547,0,1,0,0.9998197548666186,0.0,0.0001802451333813987,0.0
950,X,1324585,5547,0,1,0,0.9998197548666186,0.0,0.0001802451333813987,0.0
951,X,1324588,5547,0,0,1,0.9998197548666186,0.0,0.0,0.0001802451333813987
952,X,1324593,5547,0,1,0,0.9998197548666186,0.0,0.0001802451333813987,0.0
953,X,1324608,5547,1,0,0,0.9998197548666186,0.0001802451333813987,0.0,0.0
954,X,1324617,5546,1,0,1,0.9996395097332372,0.0001802451333813987,0.0,0.0001802451333813987
955,X,1324619,5544,2,2,0,0.9992790194664743,0.0003604902667627974,0.0003604902667627974,0.0
956,X,1324621,5547,0,0,1,0.9998197548666186,0.0,0.0,0.0001802451333813987
957,X,1324623,5547,1,0,0,0.9998197548666186,0.0001802451333813987,0.0,0.0
958,X,1324625,5546,1,1,0,0.9996395097332372,0.0001802451333813987,0.0001802451333813987,0.0
959,X,1324627,5547,0,1,0,0.9998197548666186,0.0,0.0001802451333813987,0.0
960,X,1324630,5547,1,0,0,0.9998197548666186,0.0001802451333813987,0.0,0.0
961,X,1324633,5544,1,1,0,0.999639379733141,0.00018031013342949875,0.00018031013342949875,0.0
962,X,1324636,5547,1,0,0,0.9998197548666186,0.0001802451333813987,0.0,0.0
963,X,1324642,5547,1,0,0,0.9998197548666186,0.0001802451333813987,0.0,0.0
964,X,1324647,5547,0,0,1,0.9998197548666186,0.0,0.0,0.0001802451333813987
965,X,1324648,5546,0,2,0,0.9996395097332372,0.0,0.0003604902667627974,0.0
966,X,1324659,5547,1,0,0,0.9998197548666186,0.0001802451333813987,0.0,0.0
967,X,1324663,5546,1,1,0,0.9996395097332372,0.0001802451333813987,0.0001802451333813987,0.0
968,X,1324665,5546,0,0,2,0.9996395097332372,0.0,0.0,0.0003604902667627974
969,X,1324666,5547,1,0,0,0.9998197548666186,0.0001802451333813987,0.0,0.0
970,X,1324668,5546,0,2,0,0.9996395097332372,0.0,0.0003604902667627974,0.0
971,X,1324669,5547,1,0,0,0.9998197548666186,0.0001802451333813987,0.0,0.0
972,X,1324677,5547,0,0,1,0.9998197548666186,0.0,0.0,0.0001802451333813987
973,X,1324678,5547,0,1,0,0.9998197548666186,0.0,0.0001802451333813987,0.0
974,X,1324683,5547,1,0,0,0.9998197548666186,0.0001802451333813987,0.0,0.0
975,X,1324685,5547,0,1,0,0.9998197548666186,0.0,0.0001802451333813987,0.0
976,X,1324687,5547,0,0,1,0.9998197548666186,0.0,0.0,0.0001802451333813987
977,X,1324689,5547,1,0,0,0.9998197548666186,0.0001802451333813987,0.0,0.0
978,X,1324690,5546,2,0,0,0.9996395097332372,0.0003604902667627974,0.0,0.0
979,X,1324698,5547,1,0,0,0.9998197548666186,0.0001802451333813987,0.0,0.0
980,X,1324702,5546,1,1,0,0.9996395097332372,0.0001802451333813987,0.0001802451333813987,0.0
981,X,1324712,5547,1,0,0,0.9998197548666186,0.0001802451333813987,0.0,0.0
982,X,1324713,5546,2,0,0,0.9996395097332372,0.0003604902667627974,0.0,0.0
983,X,1324723,5547,1,0,0,0.9998197548666186,0.0001802451333813987,0.0,0.0
984,X,1324725,5547,0,0,1,0.9998197548666186,0.0,0.0,0.0001802451333813987
985,X,1324735,5546,1,1,0,0.9996395097332372,0.0001802451333813987,0.0001802451333813987,0.0
986,X,1324738,5547,0,1,0,0.9998197548666186,0.0,0.0001802451333813987,0.0
987,X,1324744,5547,1,0,0,0.9998197548666186,0.0001802451333813987,0.0,0.0
988,X,1324746,5546,2,0,0,0.9996395097332372,0.0003604902667627974,0.0,0.0
989,X,1324752,5547,0,1,0,0.9998197548666186,0.0,0.0001802451333813987,0.0
990,X,1324756,5546,0,1,1,0.9996395097332372,0.0,0.0001802451333813987,0.0001802451333813987
991,X,1324892,5547,0,0,1,0.9998197548666186,0.0,0.0,0.0001802451333813987
992,X,1324896,5547,0,1,0,0.9998197548666186,0.0,0.0001802451333813987,0.0
993,X,1324897,5547,1,0,0,0.9998197548666186,0.0001802451333813987,0.0,0.0
994,X,1324898,5544,0,1,1,0.999639379733141,0.0,0.00018031013342949875,0.00018031013342949875
995,X,1324901,5547,0,0,1,0.9998197548666186,0.0,0.0,0.0001802451333813987
996,X,1324902,5547,1,0,0,0.9998197548666186,0.0001802451333813987,0.0,0.0
997,X,1324916,5547,0,0,1,0.9998197548666186,0.0,0.0,0.0001802451333813987
998,X,1324921,5547,0,0,1,0.9998197548666186,0.0,0.0,0.0001802451333813987
999,X,1324924,5547,1,0,0,0.9998197548666186,0.0001802451333813987,0.0,0.0
1000,X,1324930,5547,0,0,1,0.9998197548666186,0.0,0.0,0.0001802451333813987
1001,X,1324936,5547,0,1,0,0.9998197548666186,0.0,0.0001802451333813987,0.0
1002,X,1324940,5547,0,1,0,0.9998197548666186,0.0,0.0001802451333813987,0.0
1003,X,1324945,5547,0,1,0,0.9998197548666186,0.0,0.0001802451333813987,0.0
1004,X,1324951,5547,0,0,1,0.9998197548666186,0.0,0.0,0.0001802451333813987
1005,X,1324952,5546,0,0,2,0.9996395097332372,0.0,0.0,0.0003604902667627974
1006,X,1324954,5547,1,0,0,0.9998197548666186,0.0001802451333813987,0.0,0.0
1007,X,1324957,5547,0,0,1,0.9998197548666186,0.0,0.0,0.0001802451333813987
1008,X,1324958,5547,0,1,0,0.9998197548666186,0.0,0.0001802451333813987,0.0
1009,X,1324961,5545,0,1,0,0.9998196898665705,0.0,0.00018031013342949875,0.0
1010,X,1324966,5547,1,0,0,0.9998197548666186,0.0001802451333813987,0.0,0.0
1011,X,1324972,5547,0,1,0,0.9998197548666186,0.0,0.0001802451333813987,0.0
1012,X,1324976,5547,0,0,1,0.9998197548666186,0.0,0.0,0.0001802451333813987
1013,X,1324981,5545,0,1,0,0.9998196898665705,0.0,0.00018031013342949875,0.0
1014,X,1324985,5547,0,1,0,0.9998197548666186,0.0,0.0001802451333813987,0.0
1015,X,1324986,5545,2,0,1,0.9994592645998558,0.0003604902667627974,0.0,0.0001802451333813987
1016,X,1324988,5547,1,0,0,0.9998197548666186,0.0001802451333813987,0.0,0.0
1017,X,1324993,5546,0,2,0,0.9996395097332372,0.0,0.0003604902667627974,0.0
1018,X,1324994,5547,1,0,0,0.9998197548666186,0.0001802451333813987,0.0,0.0
1019,X,1324998,5531,1,0,16,0.9969358327325162,0.0001802451333813987,0.0,0.002883922134102379
1020,X,1325000,5547,0,0,1,0.9998197548666186,0.0,0.0,0.0001802451333813987
1021,X,1325002,5546,1,0,1,0.9996395097332372,0.0001802451333813987,0.0,0.0001802451333813987
1022,X,1325011,5545,0,3,0,0.9994592645998558,0.0,0.0005407354001441961,0.0
1023,X,1325012,5547,1,0,0,0.9998197548666186,0.0001802451333813987,0.0,0.0
1024,X,1325017,5547,0,0,1,0.9998197548666186,0.0,0.0,0.0001802451333813987
1025,X,1325021,5542,2,2,0,0.999278759466282,0.0003606202668589975,0.0003606202668589975,0.0
1026,X,1325023,5545,0,0,1,0.9998196898665705,0.0,0.0,0.00018031013342949875
1027,X,1325024,5545,0,1,0,0.9998196898665705,0.0,0.00018031013342949875,0.0
1028,X,1325029,5545,1,0,0,0.9998196898665705,0.00018031013342949875,0.0,0.0
1029,X,1325031,5544,1,0,1,0.999639379733141,0.00018031013342949875,0.0,0.00018031013342949875
1030,X,1325032,5545,0,1,0,0.9998196898665705,0.0,0.00018031013342949875,0.0
1031,X,1325033,5545,0,0,1,0.9998196898665705,0.0,0.0,0.00018031013342949875
1032,X,1373542,5545,1,0,0,0.9998196898665705,0.00018031013342949875,0.0,0.0
1033,X,1373544,5547,0,1,0,0.9998197548666186,0.0,0.0001802451333813987,0.0
1034,X,1373545,5547,0,1,0,0.9998197548666186,0.0,0.0001802451333813987,0.0
1035,X,1373550,5547,0,1,0,0.9998197548666186,0.0,0.0001802451333813987,0.0
1036,X,1373554,5547,0,1,0,0.9998197548666186,0.0,0.0001802451333813987,0.0
1037,X,1373557,5546,0,1,1,0.9996395097332372,0.0,0.0001802451333813987,0.0001802451333813987
1038,X,1373558,5533,0,14,1,0.9972963229992791,0.0,0.0025234318673395817,0.0001802451333813987
1039,X,1373563,5547,0,0,1,0.9998197548666186,0.0,0.0,0.0001802451333813987
1040,X,1373566,5546,1,0,1,0.9996395097332372,0.0001802451333813987,0.0,0.0001802451333813987
1041,X,1373567,5547,0,1,0,0.9998197548666186,0.0,0.0001802451333813987,0.0
1042,X,1373569,5546,0,1,1,0.9996395097332372,0.0,0.0001802451333813987,0.0001802451333813987
1043,X,1373571,5547,0,1,0,0.9998197548666186,0.0,0.0001802451333813987,0.0
1044,X,1373572,5546,1,0,1,0.9996395097332372,0.0001802451333813987,0.0,0.0001802451333813987
1045,X,1373574,5547,0,1,0,0.9998197548666186,0.0,0.0001802451333813987,0.0
1046,X,1373581,5547,1,0,0,0.9998197548666186,0.0001802451333813987,0.0,0.0
1047,X,1373584,5547,0,0,1,0.9998197548666186,0.0,0.0,0.0001802451333813987
1048,X,1373585,5547,1,0,0,0.9998197548666186,0.0001802451333813987,0.0,0.0
1049,X,1373590,5547,0,1,0,0.9998197548666186,0.0,0.0001802451333813987,0.0
1050,X,1373592,5546,1,1,0,0.9996395097332372,0.0001802451333813987,0.0001802451333813987,0.0
1051,X,1373593,5547,0,0,1,0.9998197548666186,0.0,0.0,0.0001802451333813987
1052,X,1373595,5547,0,1,0,0.9998197548666186,0.0,0.0001802451333813987,0.0
1053,X,1373597,5546,1,0,1,0.9996395097332372,0.0001802451333813987,0.0,0.0001802451333813987
1054,X,1373601,5545,0,0,3,0.9994592645998558,0.0,0.0,0.0005407354001441961
1055,X,1373607,5547,1,0,0,0.9998197548666186,0.0001802451333813987,0.0,0.0
1056,X,1373611,5546,0,0,2,0.9996395097332372,0.0,0.0,0.0003604902667627974
1057,X,1373613,5547,0,0,1,0.9998197548666186,0.0,0.0,0.0001802451333813987
1058,X,1373623,5547,0,1,0,0.9998197548666186,0.0,0.0001802451333813987,0.0
1059,X,1373625,5546,1,1,0,0.9996395097332372,0.0001802451333813987,0.0001802451333813987,0.0
1060,X,1373626,5546,1,0,1,0.9996395097332372,0.0001802451333813987,0.0,0.0001802451333813987
1061,X,1373628,5546,1,0,1,0.9996395097332372,0.0001802451333813987,0.0,0.0001802451333813987
1062,X,1373629,5547,0,1,0,0.9998197548666186,0.0,0.0001802451333813987,0.0
1063,X,1373632,5545,2,1,0,0.9994592645998558,0.0003604902667627974,0.0001802451333813987,0.0
1064,X,1373640,5545,1,0,0,0.9998196898665705,0.00018031013342949875,0.0,0.0
1065,X,1373643,5545,0,1,0,0.9998196898665705,0.0,0.00018031013342949875,0.0
1066,X,1373644,5547,1,0,0,0.9998197548666186,0.0001802451333813987,0.0,0.0
1067,X,1373649,5545,1,0,2,0.9994592645998558,0.0001802451333813987,0.0,0.0003604902667627974
1068,X,1373650,5546,1,0,1,0.9996395097332372,0.0001802451333813987,0.0,0.0001802451333813987
1069,X,1373652,5545,3,0,0,0.9994592645998558,0.0005407354001441961,0.0,0.0
1070,X,1373655,5546,2,0,0,0.9996395097332372,0.0003604902667627974,0.0,0.0
